{
    "version": "0.4",
    "title": "404 page",
    "type": "error-404",
    "metadata": {
        "template_type": "single-404",
        "include_in_zip": "1",
        "elementor_pro_required": "1",
        "elementor_library_type": "error-404",
        "elementor_pro_conditions": [
            "include\/singular\/not_found404"
        ],
        "additional_template_information": [
            "This is a \"Error 404\" template for Elementor Pro.",
            "This template will display on: 404 Page."
        ],
        "wp_page_template": "default"
    },
    "content": [
        {
            "id": "598c0351",
            "settings": {
                "custom_height": {
                    "unit": "px",
                    "size": 500
                },
                "content_position": "middle",
                "content_width": {
                    "unit": "px",
                    "size": ""
                },
                "custom_height_mobile": {
                    "unit": "vh",
                    "size": 100
                },
                "_timestamp_": "v1M3VsZFBTM3oyc3ZzczhTUkMxTkptQT09",
                "gap": "no",
                "background_overlay_background": "classic",
                "background_overlay_position": "center center",
                "background_overlay_repeat": "no-repeat",
                "background_overlay_opacity": {
                    "unit": "px",
                    "size": 0.05,
                    "sizes": []
                },
                "margin_tablet": {
                    "unit": "px",
                    "top": "",
                    "right": 0,
                    "bottom": "",
                    "left": 0,
                    "isLinked": true
                },
                "padding": {
                    "unit": "px",
                    "top": "140",
                    "right": "15",
                    "bottom": "165",
                    "left": "15",
                    "isLinked": false
                },
                "_title": "404-page",
                "background_overlay_size": "cover",
                "margin": {
                    "unit": "px",
                    "top": "0",
                    "right": 0,
                    "bottom": "0",
                    "left": 0,
                    "isLinked": false
                },
                "margin_mobile": {
                    "unit": "px",
                    "top": "",
                    "right": 0,
                    "bottom": "",
                    "left": 0,
                    "isLinked": true
                },
                "__globals__": {
                    "background_overlay_color": "globals\/colors?id=primary"
                }
            },
            "elements": [
                {
                    "id": "c1ef248",
                    "settings": {
                        "_column_size": 100,
                        "_inline_size": null
                    },
                    "elements": [
                        {
                            "id": "479e7b8f",
                            "settings": {
                                "title": "404",
                                "align": "center",
                                "__globals__": {
                                    "typography_typography": "globals\/typography?id=317d263",
                                    "title_color": ""
                                },
                                "_margin": {
                                    "unit": "px",
                                    "top": "0",
                                    "right": "0",
                                    "bottom": "-220",
                                    "left": "0",
                                    "isLinked": false
                                },
                                "_margin_mobile": {
                                    "unit": "px",
                                    "top": "0",
                                    "right": "0",
                                    "bottom": "-100",
                                    "left": "0",
                                    "isLinked": false
                                },
                                "title_color": "#D9D9D9",
                                "typography_typography": "custom",
                                "typography_font_family": "Cinzel",
                                "typography_font_size": {
                                    "unit": "px",
                                    "size": 300,
                                    "sizes": []
                                },
                                "typography_font_size_tablet": {
                                    "unit": "px",
                                    "size": 250,
                                    "sizes": []
                                },
                                "typography_font_size_mobile": {
                                    "unit": "px",
                                    "size": 140,
                                    "sizes": []
                                },
                                "typography_font_weight": "700",
                                "typography_line_height": {
                                    "unit": "em",
                                    "size": 1,
                                    "sizes": []
                                },
                                "typography_word_spacing": {
                                    "unit": "em",
                                    "size": "",
                                    "sizes": []
                                }
                            },
                            "elements": [],
                            "isInner": false,
                            "widgetType": "heading",
                            "elType": "widget"
                        },
                        {
                            "id": "4bc88d14",
                            "settings": {
                                "title": "Oops! That page can't be found",
                                "typography_font_size": {
                                    "unit": "px",
                                    "size": 45
                                },
                                "align": "center",
                                "_margin": {
                                    "unit": "px",
                                    "top": "0",
                                    "right": "0",
                                    "bottom": "150",
                                    "left": "0",
                                    "isLinked": false
                                },
                                "typography_font_size_mobile": {
                                    "unit": "px",
                                    "size": 24
                                },
                                "typography_font_size_tablet": {
                                    "unit": "px",
                                    "size": 36,
                                    "sizes": []
                                },
                                "header_size": "h1",
                                "_margin_tablet": {
                                    "unit": "px",
                                    "top": "0",
                                    "right": "0",
                                    "bottom": "80",
                                    "left": "0",
                                    "isLinked": false
                                },
                                "_margin_mobile": {
                                    "unit": "px",
                                    "top": "0",
                                    "right": "0",
                                    "bottom": "40",
                                    "left": "0",
                                    "isLinked": false
                                }
                            },
                            "elements": [],
                            "isInner": false,
                            "widgetType": "heading",
                            "elType": "widget"
                        },
                        {
                            "id": "1ecc157b",
                            "settings": {
                                "title": "It looks like nothing was found at this location. Maybe try one of the links below or a search?",
                                "header_size": "h6",
                                "typography_font_size": {
                                    "unit": "px",
                                    "size": 16
                                },
                                "typography_font_weight": "normal",
                                "align": "center",
                                "typography_font_size_mobile": {
                                    "unit": "px",
                                    "size": 16
                                },
                                "typography_line_height_mobile": {
                                    "unit": "px",
                                    "size": 25
                                },
                                "typography_font_family": "Poppins",
                                "typography_line_height": {
                                    "unit": "em",
                                    "size": 1.5,
                                    "sizes": []
                                },
                                "_padding": {
                                    "unit": "px",
                                    "top": "0",
                                    "right": "200",
                                    "bottom": "0",
                                    "left": "200",
                                    "isLinked": false
                                },
                                "__globals__": {
                                    "title_color": "globals\/colors?id=primary"
                                },
                                "_padding_tablet": {
                                    "unit": "px",
                                    "top": "0",
                                    "right": "0",
                                    "bottom": "0",
                                    "left": "0",
                                    "isLinked": false
                                }
                            },
                            "elements": [],
                            "isInner": false,
                            "widgetType": "heading",
                            "elType": "widget"
                        },
                        {
                            "id": "89e2e43",
                            "settings": {
                                "placeholder": "Search...",
                                "button_text": "Search",
                                "border_radius": {
                                    "unit": "px",
                                    "size": 0
                                },
                                "_padding": {
                                    "unit": "px",
                                    "top": "0",
                                    "right": "250",
                                    "bottom": "0",
                                    "left": "250",
                                    "isLinked": false
                                },
                                "button_border_width": {
                                    "unit": "px",
                                    "top": "1",
                                    "right": "1",
                                    "bottom": "1",
                                    "left": "1",
                                    "isLinked": true
                                },
                                "_padding_mobile": {
                                    "unit": "px",
                                    "top": "0",
                                    "right": "0",
                                    "bottom": "0",
                                    "left": "0",
                                    "isLinked": true
                                },
                                "_padding_tablet": {
                                    "unit": "px",
                                    "top": "0",
                                    "right": "50",
                                    "bottom": "0",
                                    "left": "50",
                                    "isLinked": false
                                },
                                "__globals__": {
                                    "input_border_color": "globals\/colors?id=57a29b1",
                                    "button_background_color": "globals\/colors?id=e5e9561",
                                    "button_background_color_hover": "globals\/colors?id=fc28385",
                                    "input_background_color": "",
                                    "input_border_color_focus": "globals\/colors?id=08fcc9d",
                                    "button_text_color": "globals\/colors?id=21bfb04",
                                    "button_text_color_hover": "globals\/colors?id=21bfb04",
                                    "input_typography_typography": "globals\/typography?id=f500460"
                                },
                                "button_background_color": "#292929",
                                "button_background_color_hover": "#2C75BA",
                                "input_typography_typography": "custom",
                                "input_typography_font_family": "Jost",
                                "input_typography_font_size": {
                                    "unit": "px",
                                    "size": 16,
                                    "sizes": []
                                },
                                "input_typography_font_size_mobile": {
                                    "unit": "px",
                                    "size": 14,
                                    "sizes": []
                                },
                                "input_typography_font_weight": "normal",
                                "input_typography_line_height": {
                                    "unit": "em",
                                    "size": 1.5,
                                    "sizes": []
                                },
                                "input_typography_word_spacing": {
                                    "unit": "em",
                                    "size": "",
                                    "sizes": []
                                },
                                "input_border_color_focus": "#787878",
                                "button_text_color": "#FFFFFF",
                                "button_text_color_hover": "#FFFFFF"
                            },
                            "elements": [],
                            "isInner": false,
                            "widgetType": "search-form",
                            "elType": "widget"
                        }
                    ],
                    "isInner": false,
                    "elType": "column"
                }
            ],
            "isInner": false,
            "elType": "section"
        }
    ]
}