{
    "version": "0.4",
    "title": "About us",
    "type": "page",
    "metadata": {
        "template_type": "single-page",
        "include_in_zip": "1",
        "elementor_pro_required": "1",
        "wp_page_template": "default"
    },
    "content": [
        {
            "id": "64004bab",
            "settings": {
                "background_background": "classic",
                "background_image": {
                    "id": 992,
                    "url": "https:\/\/demo.bosathemes.com\/fashionable\/wp-content\/uploads\/sites\/19\/2021\/12\/fashion-img22.jpg",
                    "alt": "",
                    "source": "library"
                },
                "background_position": "center center",
                "background_repeat": "no-repeat",
                "background_size": "cover",
                "background_overlay_background": "gradient",
                "_title": "inner-banner",
                "margin": {
                    "unit": "px",
                    "top": "0",
                    "right": 0,
                    "bottom": "110",
                    "left": 0,
                    "isLinked": false
                },
                "padding": {
                    "unit": "px",
                    "top": "0",
                    "right": "15",
                    "bottom": "0",
                    "left": "15",
                    "isLinked": false
                },
                "__globals__": {
                    "background_overlay_color": ""
                },
                "gap": "no",
                "height": "min-height",
                "custom_height_mobile": {
                    "unit": "px",
                    "size": 320,
                    "sizes": []
                },
                "content_position": "middle",
                "background_overlay_color": "#FFFFFF",
                "margin_tablet": {
                    "unit": "px",
                    "top": "",
                    "right": 0,
                    "bottom": "",
                    "left": 0,
                    "isLinked": true
                },
                "margin_mobile": {
                    "unit": "px",
                    "top": "0",
                    "right": 0,
                    "bottom": "100",
                    "left": 0,
                    "isLinked": false
                },
                "background_overlay_color_stop": {
                    "unit": "%",
                    "size": 60,
                    "sizes": []
                },
                "background_overlay_color_b": "#F2295B00",
                "background_overlay_gradient_angle": {
                    "unit": "deg",
                    "size": 90,
                    "sizes": []
                },
                "background_overlay_opacity": {
                    "unit": "px",
                    "size": 0.65,
                    "sizes": []
                }
            },
            "elements": [
                {
                    "id": "1bfa4565",
                    "settings": {
                        "_column_size": 100,
                        "_inline_size": null,
                        "background_background": "classic",
                        "background_position": "initial",
                        "background_position_tablet": "initial",
                        "background_position_mobile": "initial",
                        "background_xpos": {
                            "unit": "%",
                            "size": 100,
                            "sizes": []
                        },
                        "background_xpos_tablet": {
                            "unit": "%",
                            "size": 100,
                            "sizes": []
                        },
                        "background_xpos_mobile": {
                            "unit": "%",
                            "size": 100,
                            "sizes": []
                        },
                        "background_ypos": {
                            "unit": "%",
                            "size": 50,
                            "sizes": []
                        },
                        "background_ypos_tablet": {
                            "unit": "px",
                            "size": 85,
                            "sizes": []
                        },
                        "background_ypos_mobile": {
                            "unit": "%",
                            "size": 85,
                            "sizes": []
                        },
                        "background_repeat": "no-repeat",
                        "background_size": "initial",
                        "background_size_mobile": "initial",
                        "background_bg_width": {
                            "unit": "%",
                            "size": 36,
                            "sizes": []
                        },
                        "background_bg_width_mobile": {
                            "unit": "%",
                            "size": 40,
                            "sizes": []
                        },
                        "margin_tablet": {
                            "unit": "%",
                            "top": "",
                            "right": "",
                            "bottom": "",
                            "left": "",
                            "isLinked": true
                        }
                    },
                    "elements": [
                        {
                            "id": "11974ba0",
                            "settings": {
                                "title": "About us",
                                "header_size": "h1",
                                "align": "center",
                                "typography_font_family": "Montserrat",
                                "typography_font_size": {
                                    "unit": "px",
                                    "size": 55,
                                    "sizes": []
                                },
                                "typography_font_size_tablet": {
                                    "unit": "px",
                                    "size": 45,
                                    "sizes": []
                                },
                                "typography_font_size_mobile": {
                                    "unit": "px",
                                    "size": 35,
                                    "sizes": []
                                },
                                "typography_font_weight": "800",
                                "typography_text_transform": "uppercase",
                                "typography_line_height": {
                                    "unit": "em",
                                    "size": 1.1,
                                    "sizes": []
                                },
                                "__globals__": {
                                    "title_color": "globals\/colors?id=f06adda"
                                }
                            },
                            "elements": [],
                            "isInner": false,
                            "widgetType": "heading",
                            "elType": "widget"
                        }
                    ],
                    "isInner": false,
                    "elType": "column"
                }
            ],
            "isInner": false,
            "elType": "section"
        },
        {
            "id": "78a0ca0d",
            "settings": {
                "gap": "no",
                "structure": "20",
                "padding": {
                    "unit": "px",
                    "top": "0",
                    "right": "15",
                    "bottom": "0",
                    "left": "15",
                    "isLinked": false
                }
            },
            "elements": [
                {
                    "id": "608952a5",
                    "settings": {
                        "_column_size": 50,
                        "_inline_size": null,
                        "_inline_size_tablet": 100,
                        "margin": {
                            "unit": "px",
                            "top": "0",
                            "right": "50",
                            "bottom": "0",
                            "left": "0",
                            "isLinked": false
                        },
                        "margin_tablet": {
                            "unit": "px",
                            "top": "0",
                            "right": "0",
                            "bottom": "50",
                            "left": "0",
                            "isLinked": false
                        }
                    },
                    "elements": [
                        {
                            "id": "6b11d3b1",
                            "settings": {
                                "ekit_heading_title": "A better platform to shop online !!",
                                "ekit_heading_sub_title_show": "yes",
                                "ekit_heading_sub_title": "Introduction",
                                "ekit_heading_sub_title_position": "before_title",
                                "shadow_text_content": "bussiness",
                                "ekit_heading_show_seperator": "",
                                "ekit_heading_seperator_style": "elementskit-border-divider elementskit-style-long",
                                "ekit_heading_title_margin": {
                                    "unit": "px",
                                    "top": "0",
                                    "right": "0",
                                    "bottom": "0",
                                    "left": "0",
                                    "isLinked": false
                                },
                                "ekit_heading_sub_title_margn": {
                                    "unit": "px",
                                    "top": "0",
                                    "right": "0",
                                    "bottom": "10",
                                    "left": "0",
                                    "isLinked": false
                                },
                                "ekit_heading_seperator_width": {
                                    "unit": "px",
                                    "size": 1000,
                                    "sizes": []
                                },
                                "ekit_heading_seperator_height": {
                                    "unit": "px",
                                    "size": 1,
                                    "sizes": []
                                },
                                "ekit_heading_seperator_margin": {
                                    "unit": "px",
                                    "top": "-25",
                                    "right": "0",
                                    "bottom": "0",
                                    "left": "0",
                                    "isLinked": false
                                },
                                "__globals__": {
                                    "ekit_heading_sub_title_typography_typography": "globals\/typography?id=ba6914a",
                                    "ekit_heading_title_typography_typography": "globals\/typography?id=secondary",
                                    "ekit_heading_title_color": "globals\/colors?id=text",
                                    "ekit_heading_sub_title_color": "globals\/colors?id=08fcc9d",
                                    "ekit_heading_seperator_color": "globals\/colors?id=ad41708",
                                    "ekit_heading_extra_title_color": "globals\/colors?id=08fcc9d"
                                },
                                "ekit_heading_section_extra_title_show": "yes",
                                "ekit_heading_extra_title": "<p>Hymenaeos quod luctus placeat, fugiat, voluptatem temporibus nesciunt? Est laoreet, incidunt debitis cum dolorem neque iure, voluptates ornare rerum quis, laboriosam, quia corporis repudiandae, iste debitis lacus mauris ab.<\/p>"
                            },
                            "elements": [],
                            "isInner": false,
                            "widgetType": "elementskit-heading",
                            "elType": "widget"
                        },
                        {
                            "id": "1c24c7cc",
                            "settings": {
                                "gap": "no",
                                "structure": "20",
                                "margin": {
                                    "unit": "px",
                                    "top": "10",
                                    "right": 0,
                                    "bottom": "0",
                                    "left": 0,
                                    "isLinked": false
                                },
                                "padding": {
                                    "unit": "px",
                                    "top": "0",
                                    "right": "0",
                                    "bottom": "0",
                                    "left": "0",
                                    "isLinked": false
                                }
                            },
                            "elements": [
                                {
                                    "id": "a93d003",
                                    "settings": {
                                        "_column_size": 50,
                                        "_inline_size": null,
                                        "margin": {
                                            "unit": "px",
                                            "top": "0",
                                            "right": "20",
                                            "bottom": "0",
                                            "left": "0",
                                            "isLinked": false
                                        },
                                        "margin_mobile": {
                                            "unit": "px",
                                            "top": "0",
                                            "right": "0",
                                            "bottom": "20",
                                            "left": "0",
                                            "isLinked": false
                                        }
                                    },
                                    "elements": [
                                        {
                                            "id": "4768e64a",
                                            "settings": {
                                                "ending_number": 500,
                                                "suffix": "+",
                                                "title": "Unique Products",
                                                "number_color": "#414141",
                                                "typography_number_typography": "custom",
                                                "typography_number_font_family": "Cinzel",
                                                "typography_number_font_size": {
                                                    "unit": "px",
                                                    "size": 50,
                                                    "sizes": []
                                                },
                                                "typography_number_font_size_tablet": {
                                                    "unit": "px",
                                                    "size": 45,
                                                    "sizes": []
                                                },
                                                "typography_number_font_size_mobile": {
                                                    "unit": "px",
                                                    "size": 34,
                                                    "sizes": []
                                                },
                                                "typography_number_font_weight": "normal",
                                                "typography_number_line_height": {
                                                    "unit": "em",
                                                    "size": 1.1,
                                                    "sizes": []
                                                },
                                                "title_color": "#787878",
                                                "typography_title_typography": "custom",
                                                "typography_title_font_family": "Jost",
                                                "typography_title_font_size": {
                                                    "unit": "px",
                                                    "size": 16,
                                                    "sizes": []
                                                },
                                                "typography_title_font_size_mobile": {
                                                    "unit": "px",
                                                    "size": 14,
                                                    "sizes": []
                                                },
                                                "typography_title_font_weight": "normal",
                                                "typography_title_line_height": {
                                                    "unit": "em",
                                                    "size": 1.5,
                                                    "sizes": []
                                                },
                                                "typography_title_word_spacing": {
                                                    "unit": "em",
                                                    "size": "",
                                                    "sizes": []
                                                },
                                                "_padding": {
                                                    "unit": "px",
                                                    "top": "40",
                                                    "right": "30",
                                                    "bottom": "40",
                                                    "left": "30",
                                                    "isLinked": false
                                                },
                                                "_background_background": "classic",
                                                "_background_color": "#F8F8F8",
                                                "_border_border": "solid",
                                                "_border_width": {
                                                    "unit": "px",
                                                    "top": "3",
                                                    "right": "3",
                                                    "bottom": "3",
                                                    "left": "3",
                                                    "isLinked": true
                                                },
                                                "_border_color": "#D9D9D938",
                                                "__globals__": {
                                                    "typography_number_typography": "globals\/typography?id=secondary",
                                                    "typography_title_typography": "globals\/typography?id=f500460",
                                                    "title_color": "globals\/colors?id=08fcc9d",
                                                    "number_color": "globals\/colors?id=text",
                                                    "_background_color": "globals\/colors?id=ad41708",
                                                    "_border_color": ""
                                                }
                                            },
                                            "elements": [],
                                            "isInner": false,
                                            "widgetType": "counter",
                                            "elType": "widget"
                                        }
                                    ],
                                    "isInner": true,
                                    "elType": "column"
                                },
                                {
                                    "id": "52b55b63",
                                    "settings": {
                                        "_column_size": 50,
                                        "_inline_size": null,
                                        "margin": {
                                            "unit": "px",
                                            "top": "0",
                                            "right": "0",
                                            "bottom": "0",
                                            "left": "20",
                                            "isLinked": false
                                        },
                                        "margin_mobile": {
                                            "unit": "px",
                                            "top": "0",
                                            "right": "0",
                                            "bottom": "20",
                                            "left": "0",
                                            "isLinked": false
                                        }
                                    },
                                    "elements": [
                                        {
                                            "id": "25b8c248",
                                            "settings": {
                                                "ending_number": 15,
                                                "suffix": "k+",
                                                "title": "Happy Customers",
                                                "_padding": {
                                                    "unit": "px",
                                                    "top": "40",
                                                    "right": "30",
                                                    "bottom": "40",
                                                    "left": "30",
                                                    "isLinked": false
                                                },
                                                "_background_background": "classic",
                                                "_border_border": "solid",
                                                "_border_width": {
                                                    "unit": "px",
                                                    "top": "3",
                                                    "right": "3",
                                                    "bottom": "3",
                                                    "left": "3",
                                                    "isLinked": true
                                                },
                                                "_border_color": "#D9D9D938",
                                                "__globals__": {
                                                    "typography_number_typography": "globals\/typography?id=secondary",
                                                    "typography_title_typography": "globals\/typography?id=f500460",
                                                    "title_color": "globals\/colors?id=08fcc9d",
                                                    "number_color": "globals\/colors?id=text",
                                                    "_background_color": "globals\/colors?id=ad41708"
                                                }
                                            },
                                            "elements": [],
                                            "isInner": false,
                                            "widgetType": "counter",
                                            "elType": "widget"
                                        }
                                    ],
                                    "isInner": true,
                                    "elType": "column"
                                }
                            ],
                            "isInner": true,
                            "elType": "section"
                        },
                        {
                            "id": "7642c4ea",
                            "settings": {
                                "gap": "no",
                                "structure": "20",
                                "margin": {
                                    "unit": "px",
                                    "top": "40",
                                    "right": 0,
                                    "bottom": "0",
                                    "left": 0,
                                    "isLinked": false
                                },
                                "margin_mobile": {
                                    "unit": "px",
                                    "top": "0",
                                    "right": 0,
                                    "bottom": "0",
                                    "left": 0,
                                    "isLinked": false
                                }
                            },
                            "elements": [
                                {
                                    "id": "44428952",
                                    "settings": {
                                        "_column_size": 50,
                                        "_inline_size": null,
                                        "margin": {
                                            "unit": "px",
                                            "top": "0",
                                            "right": "20",
                                            "bottom": "0",
                                            "left": "0",
                                            "isLinked": false
                                        },
                                        "margin_mobile": {
                                            "unit": "px",
                                            "top": "0",
                                            "right": "0",
                                            "bottom": "20",
                                            "left": "0",
                                            "isLinked": false
                                        }
                                    },
                                    "elements": [
                                        {
                                            "id": "861e614",
                                            "settings": {
                                                "ending_number": 48,
                                                "suffix": "+",
                                                "title": "Product Dealers",
                                                "_padding": {
                                                    "unit": "px",
                                                    "top": "40",
                                                    "right": "30",
                                                    "bottom": "40",
                                                    "left": "30",
                                                    "isLinked": false
                                                },
                                                "_background_background": "classic",
                                                "_border_border": "solid",
                                                "_border_width": {
                                                    "unit": "px",
                                                    "top": "3",
                                                    "right": "3",
                                                    "bottom": "3",
                                                    "left": "3",
                                                    "isLinked": true
                                                },
                                                "_border_color": "#D9D9D938",
                                                "__globals__": {
                                                    "typography_number_typography": "globals\/typography?id=secondary",
                                                    "typography_title_typography": "globals\/typography?id=f500460",
                                                    "title_color": "globals\/colors?id=08fcc9d",
                                                    "number_color": "globals\/colors?id=text",
                                                    "_background_color": "globals\/colors?id=ad41708"
                                                }
                                            },
                                            "elements": [],
                                            "isInner": false,
                                            "widgetType": "counter",
                                            "elType": "widget"
                                        }
                                    ],
                                    "isInner": true,
                                    "elType": "column"
                                },
                                {
                                    "id": "49fc979a",
                                    "settings": {
                                        "_column_size": 50,
                                        "_inline_size": null,
                                        "margin": {
                                            "unit": "px",
                                            "top": "0",
                                            "right": "0",
                                            "bottom": "0",
                                            "left": "20",
                                            "isLinked": false
                                        },
                                        "margin_mobile": {
                                            "unit": "px",
                                            "top": "0",
                                            "right": "0",
                                            "bottom": "0",
                                            "left": "0",
                                            "isLinked": false
                                        }
                                    },
                                    "elements": [
                                        {
                                            "id": "1f2e3dc1",
                                            "settings": {
                                                "ending_number": 13,
                                                "suffix": "+",
                                                "title": "Award Achieved",
                                                "_padding": {
                                                    "unit": "px",
                                                    "top": "40",
                                                    "right": "30",
                                                    "bottom": "40",
                                                    "left": "30",
                                                    "isLinked": false
                                                },
                                                "_background_background": "classic",
                                                "_border_border": "solid",
                                                "_border_width": {
                                                    "unit": "px",
                                                    "top": "3",
                                                    "right": "3",
                                                    "bottom": "3",
                                                    "left": "3",
                                                    "isLinked": true
                                                },
                                                "_border_color": "#D9D9D938",
                                                "__globals__": {
                                                    "typography_number_typography": "globals\/typography?id=secondary",
                                                    "typography_title_typography": "globals\/typography?id=f500460",
                                                    "title_color": "globals\/colors?id=08fcc9d",
                                                    "number_color": "globals\/colors?id=text",
                                                    "_background_color": "globals\/colors?id=ad41708"
                                                }
                                            },
                                            "elements": [],
                                            "isInner": false,
                                            "widgetType": "counter",
                                            "elType": "widget"
                                        }
                                    ],
                                    "isInner": true,
                                    "elType": "column"
                                }
                            ],
                            "isInner": true,
                            "elType": "section"
                        }
                    ],
                    "isInner": false,
                    "elType": "column"
                },
                {
                    "id": "42e5b8ca",
                    "settings": {
                        "_column_size": 50,
                        "_inline_size": null,
                        "_inline_size_tablet": 100,
                        "background_background": "classic",
                        "background_overlay_background": "classic",
                        "background_overlay_image": {
                            "url": "https:\/\/demo.bosathemes.com\/fashionable\/wp-content\/uploads\/sites\/19\/2021\/12\/img52.png",
                            "id": 1105,
                            "alt": "",
                            "source": "library"
                        },
                        "background_overlay_position": "center center",
                        "background_overlay_repeat": "no-repeat",
                        "background_overlay_size": "contain",
                        "background_overlay_opacity": {
                            "unit": "px",
                            "size": 0.6,
                            "sizes": []
                        }
                    },
                    "elements": [
                        {
                            "id": "7ade3fc9",
                            "settings": {
                                "image": {
                                    "url": "https:\/\/demo.bosathemes.com\/fashionable\/wp-content\/uploads\/sites\/19\/2021\/12\/fashion-img11.png",
                                    "id": 457,
                                    "alt": "",
                                    "source": "library"
                                },
                                "image_size": "full",
                                "width": {
                                    "unit": "%",
                                    "size": 80,
                                    "sizes": []
                                },
                                "width_tablet": {
                                    "unit": "%",
                                    "size": 50,
                                    "sizes": []
                                },
                                "width_mobile": {
                                    "unit": "%",
                                    "size": 70,
                                    "sizes": []
                                }
                            },
                            "elements": [],
                            "isInner": false,
                            "widgetType": "image",
                            "elType": "widget"
                        }
                    ],
                    "isInner": false,
                    "elType": "column"
                }
            ],
            "isInner": false,
            "elType": "section"
        },
        {
            "id": "1c6645b5",
            "settings": {
                "gap": "no",
                "structure": "30",
                "margin": {
                    "unit": "px",
                    "top": "60",
                    "right": 0,
                    "bottom": "60",
                    "left": 0,
                    "isLinked": true
                },
                "padding": {
                    "unit": "px",
                    "top": "0",
                    "right": "15",
                    "bottom": "0",
                    "left": "15",
                    "isLinked": false
                },
                "_title": "features",
                "margin_tablet": {
                    "unit": "px",
                    "top": "0",
                    "right": 0,
                    "bottom": "120",
                    "left": 0,
                    "isLinked": false
                },
                "margin_mobile": {
                    "unit": "px",
                    "top": "30",
                    "right": 0,
                    "bottom": "80",
                    "left": 0,
                    "isLinked": false
                }
            },
            "elements": [
                {
                    "id": "3dea129b",
                    "settings": {
                        "_column_size": 33,
                        "_inline_size": null,
                        "content_position": "center",
                        "align_tablet": "center",
                        "margin_mobile": {
                            "unit": "px",
                            "top": "0",
                            "right": "0",
                            "bottom": "40",
                            "left": "0",
                            "isLinked": false
                        }
                    },
                    "elements": [
                        {
                            "id": "565783ce",
                            "settings": {
                                "selected_icon": {
                                    "value": "icon icon-truck-2",
                                    "library": "ekiticons"
                                },
                                "primary_color": "#D9D9D9",
                                "secondary_color": "#787878",
                                "size": {
                                    "unit": "px",
                                    "size": 45,
                                    "sizes": []
                                },
                                "_padding": {
                                    "unit": "px",
                                    "top": "25",
                                    "right": "25",
                                    "bottom": "22",
                                    "left": "25",
                                    "isLinked": false
                                },
                                "_z_index": 1,
                                "_background_background": "classic",
                                "_background_color": "#F8F8F8",
                                "_border_border": "solid",
                                "_border_width": {
                                    "unit": "px",
                                    "top": "10",
                                    "right": "10",
                                    "bottom": "10",
                                    "left": "10",
                                    "isLinked": true
                                },
                                "_border_radius": {
                                    "unit": "%",
                                    "top": "100",
                                    "right": "100",
                                    "bottom": "100",
                                    "left": "100",
                                    "isLinked": true
                                },
                                "_border_radius_tablet": {
                                    "unit": "%",
                                    "top": "",
                                    "right": "",
                                    "bottom": "",
                                    "left": "",
                                    "isLinked": true
                                },
                                "_border_radius_mobile": {
                                    "unit": "%",
                                    "top": "",
                                    "right": "",
                                    "bottom": "",
                                    "left": "",
                                    "isLinked": true
                                },
                                "_box_shadow_box_shadow_type": "yes",
                                "_box_shadow_box_shadow": {
                                    "horizontal": -10,
                                    "vertical": 0,
                                    "blur": 5,
                                    "spread": 0,
                                    "color": "rgba(0, 0, 0, 0.015)"
                                },
                                "_element_width": "auto",
                                "__globals__": {
                                    "primary_color": "globals\/colors?id=text",
                                    "secondary_color": "globals\/colors?id=08fcc9d",
                                    "_background_color": "globals\/colors?id=ad41708",
                                    "_border_color": "globals\/colors?id=21bfb04"
                                }
                            },
                            "elements": [],
                            "isInner": false,
                            "widgetType": "icon",
                            "elType": "widget"
                        },
                        {
                            "id": "31d7db6",
                            "settings": {
                                "selected_icon": {
                                    "value": "",
                                    "library": ""
                                },
                                "title_text": "Free shipping",
                                "description_text": "On orders over $100",
                                "title_size": "h5",
                                "text_align": "left",
                                "title_bottom_space": {
                                    "unit": "px",
                                    "size": 5,
                                    "sizes": []
                                },
                                "_margin": {
                                    "unit": "px",
                                    "top": "0",
                                    "right": "0",
                                    "bottom": "0",
                                    "left": "-20",
                                    "isLinked": false
                                },
                                "_padding": {
                                    "unit": "px",
                                    "top": "8",
                                    "right": "50",
                                    "bottom": "11",
                                    "left": "50",
                                    "isLinked": false
                                },
                                "_background_background": "gradient",
                                "_background_color_b": "#F2295B00",
                                "_background_gradient_angle": {
                                    "unit": "deg",
                                    "size": 90,
                                    "sizes": []
                                },
                                "_element_width": "auto",
                                "__globals__": {
                                    "_background_color": "globals\/colors?id=ad41708",
                                    "_background_color_b": "",
                                    "description_color": "globals\/colors?id=08fcc9d"
                                },
                                "text_align_tablet": "center",
                                "_margin_tablet": {
                                    "unit": "px",
                                    "top": "-20",
                                    "right": "0",
                                    "bottom": "0",
                                    "left": "0",
                                    "isLinked": false
                                },
                                "_padding_tablet": {
                                    "unit": "px",
                                    "top": "30",
                                    "right": "40",
                                    "bottom": "20",
                                    "left": "40",
                                    "isLinked": false
                                },
                                "_padding_mobile": {
                                    "unit": "px",
                                    "top": "30",
                                    "right": "50",
                                    "bottom": "20",
                                    "left": "50",
                                    "isLinked": false
                                }
                            },
                            "elements": [],
                            "isInner": false,
                            "widgetType": "icon-box",
                            "elType": "widget"
                        }
                    ],
                    "isInner": false,
                    "elType": "column"
                },
                {
                    "id": "3aca0bb0",
                    "settings": {
                        "_column_size": 33,
                        "_inline_size": null,
                        "content_position": "center",
                        "align_tablet": "center",
                        "margin_mobile": {
                            "unit": "px",
                            "top": "0",
                            "right": "0",
                            "bottom": "40",
                            "left": "0",
                            "isLinked": false
                        }
                    },
                    "elements": [
                        {
                            "id": "20f4ebf7",
                            "settings": {
                                "selected_icon": {
                                    "value": "icon icon-support",
                                    "library": "ekiticons"
                                },
                                "primary_color": "#D9D9D9",
                                "secondary_color": "#787878",
                                "size": {
                                    "unit": "px",
                                    "size": 45,
                                    "sizes": []
                                },
                                "_padding": {
                                    "unit": "px",
                                    "top": "25",
                                    "right": "25",
                                    "bottom": "22",
                                    "left": "25",
                                    "isLinked": false
                                },
                                "_z_index": 1,
                                "_background_background": "classic",
                                "_background_color": "#F8F8F8",
                                "_border_border": "solid",
                                "_border_width": {
                                    "unit": "px",
                                    "top": "10",
                                    "right": "10",
                                    "bottom": "10",
                                    "left": "10",
                                    "isLinked": true
                                },
                                "_border_radius": {
                                    "unit": "%",
                                    "top": "100",
                                    "right": "100",
                                    "bottom": "100",
                                    "left": "100",
                                    "isLinked": true
                                },
                                "_border_radius_tablet": {
                                    "unit": "%",
                                    "top": "",
                                    "right": "",
                                    "bottom": "",
                                    "left": "",
                                    "isLinked": true
                                },
                                "_border_radius_mobile": {
                                    "unit": "%",
                                    "top": "",
                                    "right": "",
                                    "bottom": "",
                                    "left": "",
                                    "isLinked": true
                                },
                                "_box_shadow_box_shadow_type": "yes",
                                "_box_shadow_box_shadow": {
                                    "horizontal": -10,
                                    "vertical": 0,
                                    "blur": 5,
                                    "spread": 0,
                                    "color": "rgba(0, 0, 0, 0.015)"
                                },
                                "_element_width": "auto",
                                "__globals__": {
                                    "primary_color": "globals\/colors?id=text",
                                    "secondary_color": "globals\/colors?id=08fcc9d",
                                    "_background_color": "globals\/colors?id=ad41708",
                                    "_border_color": "globals\/colors?id=21bfb04"
                                }
                            },
                            "elements": [],
                            "isInner": false,
                            "widgetType": "icon",
                            "elType": "widget"
                        },
                        {
                            "id": "454261a1",
                            "settings": {
                                "selected_icon": {
                                    "value": "",
                                    "library": ""
                                },
                                "title_text": "Support 24\/7",
                                "description_text": "Customer support",
                                "title_size": "h5",
                                "text_align": "left",
                                "title_bottom_space": {
                                    "unit": "px",
                                    "size": 5,
                                    "sizes": []
                                },
                                "_margin": {
                                    "unit": "px",
                                    "top": "0",
                                    "right": "0",
                                    "bottom": "0",
                                    "left": "-20",
                                    "isLinked": false
                                },
                                "_padding": {
                                    "unit": "px",
                                    "top": "8",
                                    "right": "50",
                                    "bottom": "11",
                                    "left": "50",
                                    "isLinked": false
                                },
                                "_background_background": "gradient",
                                "_background_color_b": "#F2295B00",
                                "_background_gradient_angle": {
                                    "unit": "deg",
                                    "size": 90,
                                    "sizes": []
                                },
                                "_element_width": "auto",
                                "__globals__": {
                                    "_background_color": "globals\/colors?id=ad41708",
                                    "_background_color_b": "",
                                    "description_color": "globals\/colors?id=08fcc9d"
                                },
                                "text_align_tablet": "center",
                                "_margin_tablet": {
                                    "unit": "px",
                                    "top": "-20",
                                    "right": "0",
                                    "bottom": "0",
                                    "left": "0",
                                    "isLinked": false
                                },
                                "_padding_tablet": {
                                    "unit": "px",
                                    "top": "30",
                                    "right": "40",
                                    "bottom": "20",
                                    "left": "40",
                                    "isLinked": false
                                },
                                "_padding_mobile": {
                                    "unit": "px",
                                    "top": "30",
                                    "right": "60",
                                    "bottom": "20",
                                    "left": "60",
                                    "isLinked": false
                                }
                            },
                            "elements": [],
                            "isInner": false,
                            "widgetType": "icon-box",
                            "elType": "widget"
                        }
                    ],
                    "isInner": false,
                    "elType": "column"
                },
                {
                    "id": "5176e192",
                    "settings": {
                        "_column_size": 33,
                        "_inline_size": null,
                        "content_position": "center",
                        "align_tablet": "center"
                    },
                    "elements": [
                        {
                            "id": "631197e1",
                            "settings": {
                                "selected_icon": {
                                    "value": "icon icon-reload",
                                    "library": "ekiticons"
                                },
                                "primary_color": "#D9D9D9",
                                "secondary_color": "#787878",
                                "size": {
                                    "unit": "px",
                                    "size": 45,
                                    "sizes": []
                                },
                                "_padding": {
                                    "unit": "px",
                                    "top": "25",
                                    "right": "25",
                                    "bottom": "22",
                                    "left": "25",
                                    "isLinked": false
                                },
                                "_z_index": 1,
                                "_background_background": "classic",
                                "_background_color": "#F8F8F8",
                                "_border_border": "solid",
                                "_border_width": {
                                    "unit": "px",
                                    "top": "10",
                                    "right": "10",
                                    "bottom": "10",
                                    "left": "10",
                                    "isLinked": true
                                },
                                "_border_radius": {
                                    "unit": "%",
                                    "top": "100",
                                    "right": "100",
                                    "bottom": "100",
                                    "left": "100",
                                    "isLinked": true
                                },
                                "_border_radius_tablet": {
                                    "unit": "%",
                                    "top": "",
                                    "right": "",
                                    "bottom": "",
                                    "left": "",
                                    "isLinked": true
                                },
                                "_border_radius_mobile": {
                                    "unit": "%",
                                    "top": "",
                                    "right": "",
                                    "bottom": "",
                                    "left": "",
                                    "isLinked": true
                                },
                                "_box_shadow_box_shadow_type": "yes",
                                "_box_shadow_box_shadow": {
                                    "horizontal": -10,
                                    "vertical": 0,
                                    "blur": 5,
                                    "spread": 0,
                                    "color": "rgba(0, 0, 0, 0.015)"
                                },
                                "_element_width": "auto",
                                "__globals__": {
                                    "primary_color": "globals\/colors?id=text",
                                    "secondary_color": "globals\/colors?id=08fcc9d",
                                    "_background_color": "globals\/colors?id=ad41708",
                                    "_border_color": "globals\/colors?id=21bfb04"
                                }
                            },
                            "elements": [],
                            "isInner": false,
                            "widgetType": "icon",
                            "elType": "widget"
                        },
                        {
                            "id": "376d3cdf",
                            "settings": {
                                "selected_icon": {
                                    "value": "",
                                    "library": ""
                                },
                                "title_text": "50 days return",
                                "description_text": "Free return & exchange",
                                "title_size": "h5",
                                "text_align": "left",
                                "title_bottom_space": {
                                    "unit": "px",
                                    "size": 5,
                                    "sizes": []
                                },
                                "_margin": {
                                    "unit": "px",
                                    "top": "0",
                                    "right": "0",
                                    "bottom": "0",
                                    "left": "-20",
                                    "isLinked": false
                                },
                                "_padding": {
                                    "unit": "px",
                                    "top": "8",
                                    "right": "50",
                                    "bottom": "11",
                                    "left": "50",
                                    "isLinked": false
                                },
                                "_background_background": "gradient",
                                "_background_color_b": "#F2295B00",
                                "_background_gradient_angle": {
                                    "unit": "deg",
                                    "size": 90,
                                    "sizes": []
                                },
                                "_element_width": "auto",
                                "__globals__": {
                                    "_background_color": "globals\/colors?id=ad41708",
                                    "_background_color_b": "",
                                    "description_color": "globals\/colors?id=08fcc9d"
                                },
                                "text_align_tablet": "center",
                                "_margin_tablet": {
                                    "unit": "px",
                                    "top": "-20",
                                    "right": "0",
                                    "bottom": "0",
                                    "left": "0",
                                    "isLinked": false
                                },
                                "_padding_tablet": {
                                    "unit": "px",
                                    "top": "30",
                                    "right": "40",
                                    "bottom": "20",
                                    "left": "40",
                                    "isLinked": false
                                },
                                "_padding_mobile": {
                                    "unit": "px",
                                    "top": "30",
                                    "right": "50",
                                    "bottom": "20",
                                    "left": "50",
                                    "isLinked": false
                                }
                            },
                            "elements": [],
                            "isInner": false,
                            "widgetType": "icon-box",
                            "elType": "widget"
                        }
                    ],
                    "isInner": false,
                    "elType": "column"
                }
            ],
            "isInner": false,
            "elType": "section"
        },
        {
            "id": "2aec2f2e",
            "settings": {
                "gap": "no",
                "padding": {
                    "unit": "px",
                    "top": "0",
                    "right": "15",
                    "bottom": "0",
                    "left": "15",
                    "isLinked": false
                },
                "_title": "mission"
            },
            "elements": [
                {
                    "id": "25afa7f3",
                    "settings": {
                        "_column_size": 100,
                        "_inline_size": null
                    },
                    "elements": [
                        {
                            "id": "6e809c14",
                            "settings": {
                                "gap": "no",
                                "structure": "20"
                            },
                            "elements": [
                                {
                                    "id": "4d6a38b4",
                                    "settings": {
                                        "_column_size": 50,
                                        "_inline_size": 85,
                                        "_inline_size_tablet": 95,
                                        "background_background": "classic",
                                        "background_image": {
                                            "url": "https:\/\/demo.bosathemes.com\/fashionable\/wp-content\/uploads\/sites\/19\/2021\/12\/fashion-img13.jpg",
                                            "id": 742,
                                            "alt": "",
                                            "source": "library"
                                        },
                                        "background_position": "center center",
                                        "background_repeat": "no-repeat",
                                        "background_size": "cover"
                                    },
                                    "elements": [
                                        {
                                            "id": "532f5027",
                                            "settings": {
                                                "space": {
                                                    "unit": "px",
                                                    "size": 150,
                                                    "sizes": []
                                                },
                                                "space_mobile": {
                                                    "unit": "px",
                                                    "size": 100,
                                                    "sizes": []
                                                }
                                            },
                                            "elements": [],
                                            "isInner": false,
                                            "widgetType": "spacer",
                                            "elType": "widget"
                                        },
                                        {
                                            "id": "2e48063e",
                                            "settings": {
                                                "ekit_video_popup_button_title": "Play Video",
                                                "ekit_video_popup_button_icons": {
                                                    "value": "icon icon-play1",
                                                    "library": "ekiticons"
                                                },
                                                "ekit_video_popup_url": "https:\/\/www.youtube.com\/watch?v=VhBl3dHT5SY",
                                                "ekit_video_popup_icon_size": {
                                                    "unit": "px",
                                                    "size": 25,
                                                    "sizes": []
                                                },
                                                "ekit_video_popup_btn_width": {
                                                    "unit": "px",
                                                    "size": 90,
                                                    "sizes": []
                                                },
                                                "ekit_video_popup_btn_height": {
                                                    "unit": "px",
                                                    "size": 90,
                                                    "sizes": []
                                                },
                                                "ekit_video_popup_btn_line_height": {
                                                    "unit": "px",
                                                    "size": 76,
                                                    "sizes": []
                                                },
                                                "ekit_video_popup_btn_bg_color_background": "classic",
                                                "ekit_video_popup_btn_bg_hover_color_background": "classic",
                                                "__globals__": {
                                                    "ekit_video_popup_btn_glow_color": "globals\/colors?id=08fcc9d",
                                                    "ekit_video_popup_btn_text_color": "globals\/colors?id=21bfb04",
                                                    "ekit_video_popup_btn_bg_color_color": "globals\/colors?id=text",
                                                    "ekit_video_popup_btn_hover_color": "globals\/colors?id=21bfb04",
                                                    "ekit_video_popup_btn_bg_hover_color_color": "globals\/colors?id=fc28385"
                                                }
                                            },
                                            "elements": [],
                                            "isInner": false,
                                            "widgetType": "elementskit-video",
                                            "elType": "widget"
                                        },
                                        {
                                            "id": "5c8770e9",
                                            "settings": {
                                                "space": {
                                                    "unit": "px",
                                                    "size": 200,
                                                    "sizes": []
                                                },
                                                "space_mobile": {
                                                    "unit": "px",
                                                    "size": 150,
                                                    "sizes": []
                                                }
                                            },
                                            "elements": [],
                                            "isInner": false,
                                            "widgetType": "spacer",
                                            "elType": "widget"
                                        }
                                    ],
                                    "isInner": true,
                                    "elType": "column"
                                },
                                {
                                    "id": "681efb17",
                                    "settings": {
                                        "_column_size": 50,
                                        "_inline_size": 15,
                                        "_inline_size_tablet": 5
                                    },
                                    "elements": [],
                                    "isInner": true,
                                    "elType": "column"
                                }
                            ],
                            "isInner": true,
                            "elType": "section"
                        },
                        {
                            "id": "3f68be70",
                            "settings": {
                                "gap": "no",
                                "structure": "20",
                                "margin": {
                                    "unit": "px",
                                    "top": "-100",
                                    "right": 0,
                                    "bottom": "0",
                                    "left": 0,
                                    "isLinked": false
                                },
                                "padding_mobile": {
                                    "unit": "px",
                                    "top": "0",
                                    "right": "10",
                                    "bottom": "0",
                                    "left": "10",
                                    "isLinked": false
                                }
                            },
                            "elements": [
                                {
                                    "id": "44293690",
                                    "settings": {
                                        "_column_size": 50,
                                        "_inline_size": 30,
                                        "_inline_size_tablet": 5
                                    },
                                    "elements": [],
                                    "isInner": true,
                                    "elType": "column"
                                },
                                {
                                    "id": "571754da",
                                    "settings": {
                                        "_column_size": 50,
                                        "_inline_size": 70,
                                        "_inline_size_tablet": 90,
                                        "background_background": "classic",
                                        "background_overlay_background": "classic",
                                        "background_overlay_opacity": {
                                            "unit": "px",
                                            "size": 0.9,
                                            "sizes": []
                                        },
                                        "box_shadow_box_shadow_type": "yes",
                                        "box_shadow_box_shadow": {
                                            "horizontal": 0,
                                            "vertical": 0,
                                            "blur": 13,
                                            "spread": -4,
                                            "color": "rgba(0, 0, 0, 0.15)"
                                        },
                                        "padding": {
                                            "unit": "px",
                                            "top": "10",
                                            "right": "10",
                                            "bottom": "10",
                                            "left": "10",
                                            "isLinked": true
                                        },
                                        "__globals__": {
                                            "background_overlay_color": "globals\/colors?id=21bfb04"
                                        }
                                    },
                                    "elements": [
                                        {
                                            "id": "6fd7d083",
                                            "settings": {
                                                "ekit_heading_title": "Quality products Quality Services",
                                                "ekit_heading_sub_title_show": "yes",
                                                "ekit_heading_sub_title": "Our Mission",
                                                "ekit_heading_sub_title_position": "before_title",
                                                "shadow_text_content": "bussiness",
                                                "ekit_heading_show_seperator": "",
                                                "ekit_heading_seperator_style": "elementskit-border-divider elementskit-style-long",
                                                "ekit_heading_title_margin": {
                                                    "unit": "px",
                                                    "top": "0",
                                                    "right": "0",
                                                    "bottom": "10",
                                                    "left": "0",
                                                    "isLinked": false
                                                },
                                                "ekit_heading_sub_title_margn": {
                                                    "unit": "px",
                                                    "top": "0",
                                                    "right": "0",
                                                    "bottom": "10",
                                                    "left": "0",
                                                    "isLinked": false
                                                },
                                                "ekit_heading_seperator_width": {
                                                    "unit": "px",
                                                    "size": 1000,
                                                    "sizes": []
                                                },
                                                "ekit_heading_seperator_height": {
                                                    "unit": "px",
                                                    "size": 1,
                                                    "sizes": []
                                                },
                                                "ekit_heading_seperator_margin": {
                                                    "unit": "px",
                                                    "top": "-25",
                                                    "right": "0",
                                                    "bottom": "0",
                                                    "left": "0",
                                                    "isLinked": false
                                                },
                                                "__globals__": {
                                                    "ekit_heading_sub_title_typography_typography": "globals\/typography?id=ba6914a",
                                                    "ekit_heading_title_typography_typography": "globals\/typography?id=secondary",
                                                    "ekit_heading_title_color": "globals\/colors?id=text",
                                                    "ekit_heading_sub_title_color": "globals\/colors?id=08fcc9d",
                                                    "ekit_heading_seperator_color": "globals\/colors?id=ad41708",
                                                    "ekit_heading_extra_title_color": "globals\/colors?id=08fcc9d",
                                                    "_background_color": "",
                                                    "_border_color": "globals\/colors?id=d345fd2"
                                                },
                                                "ekit_heading_section_extra_title_show": "yes",
                                                "ekit_heading_extra_title": "<p>Hymenaeos quod luctus placeat, fugiat, voluptatem temporibus nesciunt? Est laoreet, incidunt debitis cum dolorem neque iure, voluptates ornare rerum quis, laboriosam, quia corporis repudiandae, iste debitis lacus mauris ab.<\/p>",
                                                "ekit_heading_title_color": "#414141",
                                                "ekit_heading_title_typography_typography": "custom",
                                                "ekit_heading_title_typography_font_family": "Cinzel",
                                                "ekit_heading_title_typography_font_size": {
                                                    "unit": "px",
                                                    "size": 50,
                                                    "sizes": []
                                                },
                                                "ekit_heading_title_typography_font_size_tablet": {
                                                    "unit": "px",
                                                    "size": 45,
                                                    "sizes": []
                                                },
                                                "ekit_heading_title_typography_font_size_mobile": {
                                                    "unit": "px",
                                                    "size": 34,
                                                    "sizes": []
                                                },
                                                "ekit_heading_title_typography_font_weight": "normal",
                                                "ekit_heading_title_typography_line_height": {
                                                    "unit": "em",
                                                    "size": 1.1,
                                                    "sizes": []
                                                },
                                                "ekit_heading_sub_title_color": "#787878",
                                                "ekit_heading_sub_title_typography_typography": "custom",
                                                "ekit_heading_sub_title_typography_font_family": "Jost",
                                                "ekit_heading_sub_title_typography_font_size": {
                                                    "unit": "px",
                                                    "size": 16,
                                                    "sizes": []
                                                },
                                                "ekit_heading_sub_title_typography_font_size_mobile": {
                                                    "unit": "px",
                                                    "size": 15,
                                                    "sizes": []
                                                },
                                                "ekit_heading_sub_title_typography_font_weight": "normal",
                                                "ekit_heading_sub_title_typography_line_height": {
                                                    "unit": "em",
                                                    "size": 1.2,
                                                    "sizes": []
                                                },
                                                "ekit_heading_sub_title_typography_word_spacing": {
                                                    "unit": "em",
                                                    "size": "",
                                                    "sizes": []
                                                },
                                                "ekit_heading_extra_title_color": "#787878",
                                                "ekit_heading_seperator_color": "#F8F8F8",
                                                "_padding": {
                                                    "unit": "px",
                                                    "top": "70",
                                                    "right": "70",
                                                    "bottom": "70",
                                                    "left": "70",
                                                    "isLinked": true
                                                },
                                                "_padding_mobile": {
                                                    "unit": "px",
                                                    "top": "30",
                                                    "right": "30",
                                                    "bottom": "30",
                                                    "left": "30",
                                                    "isLinked": true
                                                },
                                                "_background_background": "classic",
                                                "_border_border": "solid",
                                                "_border_width": {
                                                    "unit": "px",
                                                    "top": "3",
                                                    "right": "3",
                                                    "bottom": "3",
                                                    "left": "3",
                                                    "isLinked": true
                                                },
                                                "_border_color": "#A7A7A7"
                                            },
                                            "elements": [],
                                            "isInner": false,
                                            "widgetType": "elementskit-heading",
                                            "elType": "widget"
                                        }
                                    ],
                                    "isInner": true,
                                    "elType": "column"
                                }
                            ],
                            "isInner": true,
                            "elType": "section"
                        }
                    ],
                    "isInner": false,
                    "elType": "column"
                }
            ],
            "isInner": false,
            "elType": "section"
        },
        {
            "id": "43088337",
            "settings": {
                "gap": "no",
                "margin": {
                    "unit": "px",
                    "top": "80",
                    "right": 0,
                    "bottom": "80",
                    "left": 0,
                    "isLinked": true
                },
                "padding": {
                    "unit": "px",
                    "top": "0",
                    "right": "15",
                    "bottom": "0",
                    "left": "15",
                    "isLinked": false
                },
                "margin_mobile": {
                    "unit": "px",
                    "top": "60",
                    "right": 0,
                    "bottom": "60",
                    "left": 0,
                    "isLinked": true
                },
                "_title": "client"
            },
            "elements": [
                {
                    "id": "7bfc0295",
                    "settings": {
                        "_column_size": 100,
                        "_inline_size": null
                    },
                    "elements": [
                        {
                            "id": "5f868a4d",
                            "settings": {
                                "carousel": [
                                    {
                                        "id": 717,
                                        "url": "https:\/\/demo.bosathemes.com\/fashionable\/wp-content\/uploads\/sites\/19\/2021\/12\/fashion-img16.png"
                                    },
                                    {
                                        "id": 718,
                                        "url": "https:\/\/demo.bosathemes.com\/fashionable\/wp-content\/uploads\/sites\/19\/2021\/12\/fashion-img17.png"
                                    },
                                    {
                                        "id": 719,
                                        "url": "https:\/\/demo.bosathemes.com\/fashionable\/wp-content\/uploads\/sites\/19\/2021\/12\/fashion-img18.png"
                                    },
                                    {
                                        "id": 720,
                                        "url": "https:\/\/demo.bosathemes.com\/fashionable\/wp-content\/uploads\/sites\/19\/2021\/12\/fashion-img19.png"
                                    },
                                    {
                                        "id": 721,
                                        "url": "https:\/\/demo.bosathemes.com\/fashionable\/wp-content\/uploads\/sites\/19\/2021\/12\/fashion-img20.png"
                                    },
                                    {
                                        "id": 722,
                                        "url": "https:\/\/demo.bosathemes.com\/fashionable\/wp-content\/uploads\/sites\/19\/2021\/12\/fashion-img21.png"
                                    }
                                ],
                                "thumbnail_size": "full",
                                "slides_to_show": "4",
                                "slides_to_scroll": "1",
                                "navigation": "none",
                                "slides_to_show_tablet": "3",
                                "slides_to_show_mobile": "2",
                                "image_spacing": "custom",
                                "image_spacing_custom": {
                                    "unit": "px",
                                    "size": 50,
                                    "sizes": []
                                }
                            },
                            "elements": [],
                            "isInner": false,
                            "widgetType": "image-carousel",
                            "elType": "widget"
                        }
                    ],
                    "isInner": false,
                    "elType": "column"
                }
            ],
            "isInner": false,
            "elType": "section"
        }
    ],
    "page_settings": {
        "hide_title": "yes"
    }
}