{
    "version": "0.4",
    "title": "Archive",
    "type": "archive",
    "metadata": {
        "template_type": "archive-blog",
        "include_in_zip": "1",
        "elementor_pro_required": "1",
        "elementor_library_type": "archive",
        "elementor_pro_conditions": [
            "include\/archive"
        ],
        "additional_template_information": [
            "This is a \"Archive\" template for Elementor Pro.",
            "This template will display on: All Archives."
        ],
        "wp_page_template": "default"
    },
    "content": [
        {
            "id": "c327f0a",
            "settings": {
                "background_background": "classic",
                "background_image": {
                    "id": 992,
                    "url": "https:\/\/demo.bosathemes.com\/fashionable\/wp-content\/uploads\/sites\/19\/2021\/12\/fashion-img22.jpg",
                    "alt": "",
                    "source": "library"
                },
                "background_position": "center center",
                "background_repeat": "no-repeat",
                "background_size": "cover",
                "background_overlay_background": "gradient",
                "_title": "inner-banner",
                "margin": {
                    "unit": "px",
                    "top": "0",
                    "right": 0,
                    "bottom": "110",
                    "left": 0,
                    "isLinked": false
                },
                "padding": {
                    "unit": "px",
                    "top": "0",
                    "right": "15",
                    "bottom": "0",
                    "left": "15",
                    "isLinked": false
                },
                "__globals__": {
                    "background_overlay_color": ""
                },
                "gap": "no",
                "height": "min-height",
                "custom_height_mobile": {
                    "unit": "px",
                    "size": 320,
                    "sizes": []
                },
                "content_position": "middle",
                "background_overlay_color": "#FFFFFF",
                "margin_tablet": {
                    "unit": "px",
                    "top": "",
                    "right": 0,
                    "bottom": "",
                    "left": 0,
                    "isLinked": true
                },
                "margin_mobile": {
                    "unit": "px",
                    "top": "0",
                    "right": 0,
                    "bottom": "100",
                    "left": 0,
                    "isLinked": false
                },
                "background_overlay_color_stop": {
                    "unit": "%",
                    "size": 60,
                    "sizes": []
                },
                "background_overlay_color_b": "#F2295B00",
                "background_overlay_gradient_angle": {
                    "unit": "deg",
                    "size": 90,
                    "sizes": []
                },
                "background_overlay_opacity": {
                    "unit": "px",
                    "size": 0.65,
                    "sizes": []
                }
            },
            "elements": [
                {
                    "id": "5d106721",
                    "settings": {
                        "_column_size": 100,
                        "_inline_size": null,
                        "background_background": "classic",
                        "background_position": "initial",
                        "background_position_tablet": "initial",
                        "background_position_mobile": "initial",
                        "background_xpos": {
                            "unit": "%",
                            "size": 100,
                            "sizes": []
                        },
                        "background_xpos_tablet": {
                            "unit": "%",
                            "size": 100,
                            "sizes": []
                        },
                        "background_xpos_mobile": {
                            "unit": "%",
                            "size": 100,
                            "sizes": []
                        },
                        "background_ypos": {
                            "unit": "%",
                            "size": 50,
                            "sizes": []
                        },
                        "background_ypos_tablet": {
                            "unit": "px",
                            "size": 85,
                            "sizes": []
                        },
                        "background_ypos_mobile": {
                            "unit": "%",
                            "size": 85,
                            "sizes": []
                        },
                        "background_repeat": "no-repeat",
                        "background_size": "initial",
                        "background_size_mobile": "initial",
                        "background_bg_width": {
                            "unit": "%",
                            "size": 36,
                            "sizes": []
                        },
                        "background_bg_width_mobile": {
                            "unit": "%",
                            "size": 40,
                            "sizes": []
                        },
                        "margin_tablet": {
                            "unit": "%",
                            "top": "",
                            "right": "",
                            "bottom": "",
                            "left": "",
                            "isLinked": true
                        }
                    },
                    "elements": [
                        {
                            "id": "ac155a5",
                            "settings": {
                                "__dynamic__": {
                                    "title": "[elementor-tag id=\"\" name=\"archive-title\" settings=\"%7B%22include_context%22%3A%22yes%22%2C%22before%22%3A%22%22%2C%22after%22%3A%22%22%2C%22fallback%22%3A%22%22%7D\"]"
                                },
                                "title": "Add Your Heading Text Here",
                                "align": "center",
                                "typography_font_family": "Montserrat",
                                "typography_font_size": {
                                    "unit": "px",
                                    "size": 55,
                                    "sizes": []
                                },
                                "typography_font_size_tablet": {
                                    "unit": "px",
                                    "size": 45,
                                    "sizes": []
                                },
                                "typography_font_size_mobile": {
                                    "unit": "px",
                                    "size": 35,
                                    "sizes": []
                                },
                                "typography_font_weight": "800",
                                "typography_text_transform": "uppercase",
                                "typography_line_height": {
                                    "unit": "em",
                                    "size": 1.1,
                                    "sizes": []
                                },
                                "__globals__": {
                                    "title_color": "globals\/colors?id=f06adda"
                                }
                            },
                            "elements": [],
                            "isInner": false,
                            "widgetType": "theme-archive-title",
                            "elType": "widget"
                        }
                    ],
                    "isInner": false,
                    "elType": "column"
                }
            ],
            "isInner": false,
            "elType": "section"
        },
        {
            "id": "23a735cb",
            "settings": {
                "gap": "no",
                "structure": "20",
                "padding": {
                    "unit": "px",
                    "top": "0",
                    "right": "15",
                    "bottom": "0",
                    "left": "15",
                    "isLinked": false
                },
                "_title": "post",
                "margin": {
                    "unit": "px",
                    "top": "0",
                    "right": 0,
                    "bottom": "110",
                    "left": 0,
                    "isLinked": false
                },
                "margin_mobile": {
                    "unit": "px",
                    "top": "0",
                    "right": 0,
                    "bottom": "100",
                    "left": 0,
                    "isLinked": false
                }
            },
            "elements": [
                {
                    "id": "6c30c947",
                    "settings": {
                        "_column_size": 50,
                        "_inline_size": 65,
                        "padding": {
                            "unit": "px",
                            "top": "0",
                            "right": "30",
                            "bottom": "0",
                            "left": "0",
                            "isLinked": false
                        },
                        "_inline_size_tablet": 100,
                        "padding_tablet": {
                            "unit": "px",
                            "top": "0",
                            "right": "0",
                            "bottom": "80",
                            "left": "0",
                            "isLinked": false
                        }
                    },
                    "elements": [
                        {
                            "id": "5f362cba",
                            "settings": {
                                "gap": "no",
                                "margin_tablet": {
                                    "unit": "px",
                                    "top": "",
                                    "right": 0,
                                    "bottom": "",
                                    "left": 0,
                                    "isLinked": true
                                }
                            },
                            "elements": [
                                {
                                    "id": "51daf952",
                                    "settings": {
                                        "_column_size": 100,
                                        "_inline_size": null
                                    },
                                    "elements": [
                                        {
                                            "id": "2ae9a3d",
                                            "settings": {
                                                "archive_classic_columns": "2",
                                                "archive_classic_thumbnail_size_size": "full",
                                                "archive_classic_item_ratio": {
                                                    "unit": "px",
                                                    "size": 0.8,
                                                    "sizes": []
                                                },
                                                "archive_classic_meta_separator": "|",
                                                "archive_classic_read_more_text": "Read More",
                                                "archive_cards_meta_separator": "\u2022",
                                                "archive_cards_read_more_text": "Read More \u00bb",
                                                "archive_full_content_meta_separator": "\/\/\/",
                                                "archive_classic_column_gap": {
                                                    "unit": "px",
                                                    "size": 35,
                                                    "sizes": []
                                                },
                                                "archive_classic_row_gap": {
                                                    "unit": "px",
                                                    "size": 42,
                                                    "sizes": []
                                                },
                                                "archive_classic_image_spacing": {
                                                    "unit": "px",
                                                    "size": 30,
                                                    "sizes": []
                                                },
                                                "archive_classic_title_spacing": {
                                                    "unit": "px",
                                                    "size": 12,
                                                    "sizes": []
                                                },
                                                "archive_classic_excerpt_spacing": {
                                                    "unit": "px",
                                                    "size": 20,
                                                    "sizes": []
                                                },
                                                "pagination_page_limit": "10",
                                                "pagination_prev_label": "&laquo; Previous",
                                                "pagination_next_label": "Next &raquo;",
                                                "nothing_found_message": "It seems we can't find what you're looking for.",
                                                "_margin_mobile": {
                                                    "unit": "px",
                                                    "top": "0",
                                                    "right": "0",
                                                    "bottom": "0",
                                                    "left": "0",
                                                    "isLinked": false
                                                },
                                                "_z_index": 0,
                                                "__globals__": {
                                                    "archive_classic_title_typography_typography": "globals\/typography?id=61eed76",
                                                    "archive_classic_meta_typography_typography": "globals\/typography?id=f4610bb",
                                                    "archive_classic_meta_color": "globals\/colors?id=08fcc9d",
                                                    "archive_classic_meta_separator_color": "globals\/colors?id=57a29b1",
                                                    "archive_classic_excerpt_color": "globals\/colors?id=08fcc9d",
                                                    "archive_classic_excerpt_typography_typography": "globals\/typography?id=f500460",
                                                    "archive_classic_read_more_color": "globals\/colors?id=primary",
                                                    "archive_classic_read_more_typography_typography": "globals\/typography?id=ba6914a",
                                                    "archive_classic_title_color": "globals\/colors?id=text",
                                                    "pagination_color": "globals\/colors?id=text",
                                                    "pagination_typography_typography": "globals\/typography?id=f500460",
                                                    "pagination_active_color": "globals\/colors?id=fc28385",
                                                    "pagination_hover_color": "globals\/colors?id=fc28385",
                                                    "nothing_found_color": "globals\/colors?id=text",
                                                    "nothing_found_typography_typography": "globals\/typography?id=text"
                                                },
                                                "archive_classic_excerpt_length": 20,
                                                "archive_classic_meta_data": [
                                                    "author",
                                                    "date",
                                                    "comments"
                                                ],
                                                "archive_classic_title_color": "#151515",
                                                "archive_classic_excerpt_color": "#333333",
                                                "archive_classic_read_more_color": "#F42478",
                                                "archive_classic_meta_color": "#787878",
                                                "archive_classic_meta_separator_color": "#D9D9D9",
                                                "pagination_spacing": {
                                                    "unit": "px",
                                                    "size": 12,
                                                    "sizes": []
                                                },
                                                "pagination_spacing_top": {
                                                    "unit": "px",
                                                    "size": 40,
                                                    "sizes": []
                                                },
                                                "pagination_color": "#333333",
                                                "pagination_hover_color": "#2C75BA",
                                                "pagination_active_color": "#787878",
                                                "nothing_found_color": "#333333",
                                                "archive_classic_title_tag": "h5",
                                                "archive_classic_show_read_more": "",
                                                "archive_classic_item_ratio_mobile": {
                                                    "unit": "px",
                                                    "size": 0.8,
                                                    "sizes": []
                                                }
                                            },
                                            "elements": [],
                                            "isInner": false,
                                            "widgetType": "archive-posts",
                                            "elType": "widget"
                                        }
                                    ],
                                    "isInner": true,
                                    "elType": "column"
                                }
                            ],
                            "isInner": true,
                            "elType": "section"
                        }
                    ],
                    "isInner": false,
                    "elType": "column"
                },
                {
                    "id": "77c4a6db",
                    "settings": {
                        "_column_size": 50,
                        "_inline_size": 35,
                        "padding": {
                            "unit": "px",
                            "top": "0",
                            "right": "0",
                            "bottom": "0",
                            "left": "50",
                            "isLinked": false
                        },
                        "_inline_size_tablet": 100,
                        "padding_tablet": {
                            "unit": "px",
                            "top": "0",
                            "right": "0",
                            "bottom": "0",
                            "left": "0",
                            "isLinked": false
                        }
                    },
                    "elements": [
                        {
                            "id": "7909d4ad",
                            "settings": {
                                "gap": "no"
                            },
                            "elements": [
                                {
                                    "id": "1169575f",
                                    "settings": {
                                        "_column_size": 100,
                                        "_inline_size": null,
                                        "margin": {
                                            "unit": "px",
                                            "top": "0",
                                            "right": "0",
                                            "bottom": "50",
                                            "left": "0",
                                            "isLinked": false
                                        },
                                        "padding": {
                                            "unit": "px",
                                            "top": "0",
                                            "right": "0",
                                            "bottom": "0",
                                            "left": "0",
                                            "isLinked": false
                                        },
                                        "align": "center"
                                    },
                                    "elements": [
                                        {
                                            "id": "69c0d996",
                                            "settings": {
                                                "title": "Recent posts",
                                                "header_size": "h6",
                                                "align": "center",
                                                "typography_font_family": "Montserrat",
                                                "typography_font_size": {
                                                    "unit": "px",
                                                    "size": 15,
                                                    "sizes": []
                                                },
                                                "typography_font_weight": "600",
                                                "typography_text_transform": "uppercase",
                                                "typography_font_size_mobile": {
                                                    "unit": "px",
                                                    "size": 14,
                                                    "sizes": []
                                                },
                                                "_margin": {
                                                    "unit": "px",
                                                    "top": "0",
                                                    "right": "0",
                                                    "bottom": "35",
                                                    "left": "0",
                                                    "isLinked": false
                                                },
                                                "_padding": {
                                                    "unit": "px",
                                                    "top": "5",
                                                    "right": "15",
                                                    "bottom": "5",
                                                    "left": "15",
                                                    "isLinked": false
                                                },
                                                "_border_border": "solid",
                                                "_border_width": {
                                                    "unit": "px",
                                                    "top": "1",
                                                    "right": "1",
                                                    "bottom": "1",
                                                    "left": "1",
                                                    "isLinked": true
                                                },
                                                "align_tablet": "center",
                                                "__globals__": {
                                                    "title_color": "globals\/colors?id=text",
                                                    "_border_color": "globals\/colors?id=57a29b1"
                                                },
                                                "_element_width": "auto"
                                            },
                                            "elements": [],
                                            "isInner": false,
                                            "widgetType": "heading",
                                            "elType": "widget"
                                        },
                                        {
                                            "id": "3f2573f5",
                                            "settings": {
                                                "classic_columns": "1",
                                                "classic_posts_per_page": 3,
                                                "classic_thumbnail": "left",
                                                "classic_item_ratio": {
                                                    "unit": "px",
                                                    "size": 0.9,
                                                    "sizes": []
                                                },
                                                "classic_item_ratio_mobile": {
                                                    "unit": "px",
                                                    "size": 1.2,
                                                    "sizes": []
                                                },
                                                "classic_image_width": {
                                                    "unit": "%",
                                                    "size": 28,
                                                    "sizes": []
                                                },
                                                "classic_show_excerpt": "",
                                                "classic_meta_separator": "|",
                                                "classic_show_read_more": "",
                                                "classic_read_more_text": "Read More \u00bb",
                                                "cards_item_ratio": {
                                                    "unit": "px",
                                                    "size": 0.9,
                                                    "sizes": []
                                                },
                                                "cards_meta_separator": "|",
                                                "cards_read_more_text": "Read More \u00bb",
                                                "cards_show_avatar": "",
                                                "full_content_meta_separator": "\/\/\/",
                                                "posts_order": "asc",
                                                "classic_row_gap": {
                                                    "unit": "px",
                                                    "size": 30,
                                                    "sizes": []
                                                },
                                                "classic_alignment": "left",
                                                "classic_box_border_width": {
                                                    "unit": "px",
                                                    "top": "0",
                                                    "right": "0",
                                                    "bottom": "0",
                                                    "left": "0",
                                                    "isLinked": true
                                                },
                                                "classic_box_padding": {
                                                    "unit": "px",
                                                    "top": "0",
                                                    "right": "0",
                                                    "bottom": "0",
                                                    "left": "0",
                                                    "isLinked": false
                                                },
                                                "classic_content_padding": {
                                                    "unit": "px",
                                                    "top": "12",
                                                    "right": "3",
                                                    "bottom": "0",
                                                    "left": "3",
                                                    "isLinked": false
                                                },
                                                "classic_box_shadow_box_shadow": {
                                                    "horizontal": 0,
                                                    "vertical": 0,
                                                    "blur": 20,
                                                    "spread": 0,
                                                    "color": "rgba(0, 0, 0, 0.15)"
                                                },
                                                "classic_box_bg_color": "#FFFFFF",
                                                "classic_title_spacing": {
                                                    "unit": "px",
                                                    "size": 10,
                                                    "sizes": []
                                                },
                                                "classic_meta_spacing": {
                                                    "unit": "px",
                                                    "size": 5,
                                                    "sizes": []
                                                },
                                                "classic_excerpt_color": "#333333",
                                                "classic_excerpt_typography_typography": "custom",
                                                "classic_excerpt_typography_font_family": "Poppins",
                                                "classic_excerpt_typography_font_size": {
                                                    "unit": "px",
                                                    "size": 15,
                                                    "sizes": []
                                                },
                                                "classic_excerpt_typography_line_height": {
                                                    "unit": "em",
                                                    "size": 1.5,
                                                    "sizes": []
                                                },
                                                "classic_excerpt_spacing": {
                                                    "unit": "px",
                                                    "size": 14,
                                                    "sizes": []
                                                },
                                                "classic_read_more_color": "#FD5D14",
                                                "classic_read_more_typography_typography": "custom",
                                                "classic_read_more_typography_font_family": "Montserrat",
                                                "classic_read_more_typography_font_size": {
                                                    "unit": "px",
                                                    "size": 15,
                                                    "sizes": []
                                                },
                                                "classic_read_more_typography_font_weight": "600",
                                                "classic_read_more_typography_text_transform": "uppercase",
                                                "cards_card_border_color": "#FD5D1473",
                                                "cards_card_border_width": {
                                                    "unit": "px",
                                                    "size": 1,
                                                    "sizes": []
                                                },
                                                "cards_card_border_radius": {
                                                    "unit": "px",
                                                    "size": 0,
                                                    "sizes": []
                                                },
                                                "cards_box_shadow_box_shadow_type": "",
                                                "cards_hover_effect": "none",
                                                "cards_image_spacing": {
                                                    "unit": "px",
                                                    "size": 15,
                                                    "sizes": []
                                                },
                                                "cards_badge_bg_color": "#FD5D14",
                                                "cards_badge_color": "#FFFFFF",
                                                "cards_badge_radius": {
                                                    "unit": "px",
                                                    "size": 0,
                                                    "sizes": []
                                                },
                                                "cards_badge_typography_typography": "custom",
                                                "cards_badge_typography_font_family": "Montserrat",
                                                "cards_badge_typography_font_weight": "600",
                                                "cards_badge_typography_text_transform": "uppercase",
                                                "cards_title_color": "#313131",
                                                "cards_title_typography_typography": "custom",
                                                "cards_title_typography_font_family": "Montserrat",
                                                "cards_title_typography_font_size": {
                                                    "unit": "px",
                                                    "size": 18,
                                                    "sizes": []
                                                },
                                                "cards_title_typography_font_weight": "700",
                                                "cards_title_typography_text_transform": "uppercase",
                                                "cards_title_typography_line_height": {
                                                    "unit": "em",
                                                    "size": 1.3,
                                                    "sizes": []
                                                },
                                                "cards_title_spacing": {
                                                    "unit": "px",
                                                    "size": 10,
                                                    "sizes": []
                                                },
                                                "cards_meta_color": "#878787",
                                                "cards_meta_typography_typography": "custom",
                                                "cards_meta_typography_font_family": "Poppins",
                                                "cards_meta_typography_font_size": {
                                                    "unit": "px",
                                                    "size": 13,
                                                    "sizes": []
                                                },
                                                "cards_excerpt_color": "#383838",
                                                "cards_excerpt_typography_typography": "custom",
                                                "cards_excerpt_typography_font_family": "Poppins",
                                                "cards_excerpt_typography_font_size": {
                                                    "unit": "px",
                                                    "size": 15,
                                                    "sizes": []
                                                },
                                                "cards_excerpt_typography_font_weight": "normal",
                                                "cards_excerpt_spacing": {
                                                    "unit": "px",
                                                    "size": 20,
                                                    "sizes": []
                                                },
                                                "pagination_page_limit": "5",
                                                "pagination_prev_label": "&laquo; Previous",
                                                "pagination_next_label": "Next &raquo;",
                                                "pagination_typography_typography": "custom",
                                                "pagination_typography_font_family": "Montserrat",
                                                "pagination_typography_font_size": {
                                                    "unit": "px",
                                                    "size": 16,
                                                    "sizes": []
                                                },
                                                "pagination_typography_font_weight": "700",
                                                "pagination_typography_text_transform": "uppercase",
                                                "pagination_hover_color": "#C33F02",
                                                "pagination_active_color": "#C33F02",
                                                "pagination_spacing": {
                                                    "unit": "px",
                                                    "size": 15,
                                                    "sizes": []
                                                },
                                                "pagination_spacing_top": {
                                                    "unit": "px",
                                                    "size": 44,
                                                    "sizes": []
                                                },
                                                "_margin_tablet": {
                                                    "unit": "px",
                                                    "top": "0",
                                                    "right": "0",
                                                    "bottom": "0",
                                                    "left": "0",
                                                    "isLinked": false
                                                },
                                                "_margin_mobile": {
                                                    "unit": "px",
                                                    "top": "0",
                                                    "right": "0",
                                                    "bottom": "0",
                                                    "left": "0",
                                                    "isLinked": false
                                                },
                                                "_z_index": 2,
                                                "classic_image_width_mobile": {
                                                    "unit": "%",
                                                    "size": 25,
                                                    "sizes": []
                                                },
                                                "__globals__": {
                                                    "classic_meta_typography_typography": "globals\/typography?id=f4610bb",
                                                    "classic_meta_color": "globals\/colors?id=d345fd2",
                                                    "classic_meta_separator_color": "",
                                                    "classic_title_typography_typography": "globals\/typography?id=ba6914a",
                                                    "classic_title_color": "globals\/colors?id=e5e9561",
                                                    "classic_box_bg_color": "globals\/colors?id=21bfb04"
                                                },
                                                "classic_title_tag": "h5",
                                                "classic_image_spacing": {
                                                    "unit": "px",
                                                    "size": 15,
                                                    "sizes": []
                                                },
                                                "classic_title_color": "#151515"
                                            },
                                            "elements": [],
                                            "isInner": false,
                                            "widgetType": "posts",
                                            "elType": "widget"
                                        }
                                    ],
                                    "isInner": true,
                                    "elType": "column"
                                }
                            ],
                            "isInner": true,
                            "elType": "section"
                        },
                        {
                            "id": "26ff988a",
                            "settings": {
                                "gap": "no"
                            },
                            "elements": [
                                {
                                    "id": "4ffd0043",
                                    "settings": {
                                        "_column_size": 100,
                                        "_inline_size": null,
                                        "margin": {
                                            "unit": "px",
                                            "top": "0",
                                            "right": "0",
                                            "bottom": "50",
                                            "left": "0",
                                            "isLinked": false
                                        },
                                        "padding": {
                                            "unit": "px",
                                            "top": "0",
                                            "right": "0",
                                            "bottom": "0",
                                            "left": "0",
                                            "isLinked": false
                                        },
                                        "align": "center"
                                    },
                                    "elements": [
                                        {
                                            "id": "7d815868",
                                            "settings": {
                                                "title": "our gallery",
                                                "header_size": "h6",
                                                "align": "center",
                                                "typography_font_family": "Montserrat",
                                                "typography_font_size": {
                                                    "unit": "px",
                                                    "size": 15,
                                                    "sizes": []
                                                },
                                                "typography_font_weight": "600",
                                                "typography_text_transform": "uppercase",
                                                "typography_font_size_mobile": {
                                                    "unit": "px",
                                                    "size": 14,
                                                    "sizes": []
                                                },
                                                "_margin": {
                                                    "unit": "px",
                                                    "top": "0",
                                                    "right": "0",
                                                    "bottom": "35",
                                                    "left": "0",
                                                    "isLinked": false
                                                },
                                                "_padding": {
                                                    "unit": "px",
                                                    "top": "5",
                                                    "right": "15",
                                                    "bottom": "5",
                                                    "left": "15",
                                                    "isLinked": false
                                                },
                                                "_border_border": "solid",
                                                "_border_width": {
                                                    "unit": "px",
                                                    "top": "1",
                                                    "right": "1",
                                                    "bottom": "1",
                                                    "left": "1",
                                                    "isLinked": true
                                                },
                                                "align_tablet": "center",
                                                "__globals__": {
                                                    "title_color": "globals\/colors?id=text",
                                                    "_border_color": "globals\/colors?id=57a29b1"
                                                },
                                                "_element_width": "auto"
                                            },
                                            "elements": [],
                                            "isInner": false,
                                            "widgetType": "heading",
                                            "elType": "widget"
                                        },
                                        {
                                            "id": "4fae655f",
                                            "settings": {
                                                "gallery": [
                                                    {
                                                        "id": 364,
                                                        "url": "https:\/\/demo.bosathemes.com\/fashionable\/wp-content\/uploads\/sites\/19\/2021\/12\/fashion-img9.jpg"
                                                    },
                                                    {
                                                        "id": 517,
                                                        "url": "https:\/\/demo.bosathemes.com\/fashionable\/wp-content\/uploads\/sites\/19\/2021\/12\/fashion-img12.jpg"
                                                    },
                                                    {
                                                        "id": 743,
                                                        "url": "https:\/\/demo.bosathemes.com\/fashionable\/wp-content\/uploads\/sites\/19\/2021\/12\/fashion-img14.jpg"
                                                    },
                                                    {
                                                        "id": 744,
                                                        "url": "https:\/\/demo.bosathemes.com\/fashionable\/wp-content\/uploads\/sites\/19\/2021\/12\/fashion-img15.jpg"
                                                    },
                                                    {
                                                        "id": 819,
                                                        "url": "https:\/\/demo.bosathemes.com\/fashionable\/wp-content\/uploads\/sites\/19\/2021\/12\/fashion-img16.jpg"
                                                    },
                                                    {
                                                        "id": 1001,
                                                        "url": "https:\/\/demo.bosathemes.com\/fashionable\/wp-content\/uploads\/sites\/19\/2021\/12\/fashion-img23.jpg"
                                                    }
                                                ],
                                                "galleries": [
                                                    {
                                                        "gallery_title": "New Gallery",
                                                        "_id": "1e27595"
                                                    }
                                                ],
                                                "columns": 3,
                                                "columns_tablet": 6,
                                                "columns_mobile": 3,
                                                "aspect_ratio": "1:1",
                                                "show_all_galleries_label": "All"
                                            },
                                            "elements": [],
                                            "isInner": false,
                                            "widgetType": "gallery",
                                            "elType": "widget"
                                        }
                                    ],
                                    "isInner": true,
                                    "elType": "column"
                                }
                            ],
                            "isInner": true,
                            "elType": "section"
                        },
                        {
                            "id": "12a293d1",
                            "settings": {
                                "gap": "no"
                            },
                            "elements": [
                                {
                                    "id": "10280f5e",
                                    "settings": {
                                        "_column_size": 100,
                                        "_inline_size": null,
                                        "margin": {
                                            "unit": "px",
                                            "top": "0",
                                            "right": "0",
                                            "bottom": "0",
                                            "left": "0",
                                            "isLinked": false
                                        },
                                        "align": "center"
                                    },
                                    "elements": [
                                        {
                                            "id": "9a73335",
                                            "settings": {
                                                "title": "Follow us on",
                                                "header_size": "h6",
                                                "align": "center",
                                                "typography_font_family": "Montserrat",
                                                "typography_font_size": {
                                                    "unit": "px",
                                                    "size": 15,
                                                    "sizes": []
                                                },
                                                "typography_font_weight": "600",
                                                "typography_text_transform": "uppercase",
                                                "typography_font_size_mobile": {
                                                    "unit": "px",
                                                    "size": 14,
                                                    "sizes": []
                                                },
                                                "_margin": {
                                                    "unit": "px",
                                                    "top": "0",
                                                    "right": "0",
                                                    "bottom": "35",
                                                    "left": "0",
                                                    "isLinked": false
                                                },
                                                "_padding": {
                                                    "unit": "px",
                                                    "top": "5",
                                                    "right": "15",
                                                    "bottom": "5",
                                                    "left": "15",
                                                    "isLinked": false
                                                },
                                                "_border_border": "solid",
                                                "_border_width": {
                                                    "unit": "px",
                                                    "top": "1",
                                                    "right": "1",
                                                    "bottom": "1",
                                                    "left": "1",
                                                    "isLinked": true
                                                },
                                                "align_tablet": "center",
                                                "__globals__": {
                                                    "title_color": "globals\/colors?id=text",
                                                    "_border_color": "globals\/colors?id=57a29b1"
                                                },
                                                "_element_width": "auto"
                                            },
                                            "elements": [],
                                            "isInner": false,
                                            "widgetType": "heading",
                                            "elType": "widget"
                                        },
                                        {
                                            "id": "355e3d35",
                                            "settings": {
                                                "ekit_socialmedia_style": "both",
                                                "ekit_socialmedia_add_icons": [
                                                    {
                                                        "ekit_socialmedia_icons": {
                                                            "value": "fab fa-facebook",
                                                            "library": "fa-brands"
                                                        },
                                                        "ekit_socialmedia_label": "Facebook",
                                                        "_id": "017d063",
                                                        "__globals__": {
                                                            "ekit_socialmedia_icon_bg_color": "globals\/colors?id=f06adda",
                                                            "ekit_socialmedia_icon_color": "globals\/colors?id=21bfb04",
                                                            "ekit_socialmedia_icon_hover_color": "",
                                                            "ekit_socialmedia_icon_hover_bg_color": "globals\/colors?id=fc28385"
                                                        }
                                                    },
                                                    {
                                                        "ekit_socialmedia_icons": {
                                                            "value": "fab fa-google",
                                                            "library": "fa-brands"
                                                        },
                                                        "ekit_socialmedia_label": "Google",
                                                        "ekit_socialmedia_link": {
                                                            "url": "https:\/\/googleplus.com",
                                                            "is_external": "",
                                                            "nofollow": "",
                                                            "custom_attributes": ""
                                                        },
                                                        "_id": "dc3ecae",
                                                        "__globals__": {
                                                            "ekit_socialmedia_icon_bg_color": "globals\/colors?id=f06adda",
                                                            "ekit_socialmedia_icon_color": "globals\/colors?id=21bfb04",
                                                            "ekit_socialmedia_icon_hover_color": "",
                                                            "ekit_socialmedia_icon_hover_bg_color": "globals\/colors?id=fc28385"
                                                        }
                                                    },
                                                    {
                                                        "ekit_socialmedia_icons": {
                                                            "value": "fab fa-pinterest",
                                                            "library": "fa-brands"
                                                        },
                                                        "ekit_socialmedia_label": "Pinterest",
                                                        "ekit_socialmedia_link": {
                                                            "url": "https:\/\/pinterest.com",
                                                            "is_external": "",
                                                            "nofollow": "",
                                                            "custom_attributes": ""
                                                        },
                                                        "_id": "1f56873",
                                                        "__globals__": {
                                                            "ekit_socialmedia_icon_bg_color": "globals\/colors?id=f06adda",
                                                            "ekit_socialmedia_icon_color": "globals\/colors?id=21bfb04",
                                                            "ekit_socialmedia_icon_hover_color": "",
                                                            "ekit_socialmedia_icon_hover_bg_color": "globals\/colors?id=fc28385"
                                                        }
                                                    },
                                                    {
                                                        "ekit_socialmedia_icons": {
                                                            "value": "icon icon-twitter",
                                                            "library": "ekiticons"
                                                        },
                                                        "ekit_socialmedia_label": "Twitter",
                                                        "_id": "4cb23a1",
                                                        "__globals__": {
                                                            "ekit_socialmedia_icon_bg_color": "globals\/colors?id=f06adda",
                                                            "ekit_socialmedia_icon_color": "globals\/colors?id=21bfb04",
                                                            "ekit_socialmedia_icon_hover_color": "",
                                                            "ekit_socialmedia_icon_hover_bg_color": "globals\/colors?id=fc28385"
                                                        }
                                                    },
                                                    {
                                                        "_id": "b614099",
                                                        "ekit_socialmedia_icons": {
                                                            "value": "fab fa-whatsapp",
                                                            "library": "fa-brands"
                                                        },
                                                        "ekit_socialmedia_label": "Whatsapp",
                                                        "ekit_socialmedia_link": {
                                                            "url": "https:\/\/whatsapp.com",
                                                            "is_external": "",
                                                            "nofollow": "",
                                                            "custom_attributes": ""
                                                        },
                                                        "__globals__": {
                                                            "ekit_socialmedia_icon_bg_color": "globals\/colors?id=f06adda",
                                                            "ekit_socialmedia_icon_color": "globals\/colors?id=21bfb04",
                                                            "ekit_socialmedia_icon_hover_color": "",
                                                            "ekit_socialmedia_icon_hover_bg_color": "globals\/colors?id=fc28385"
                                                        }
                                                    },
                                                    {
                                                        "ekit_socialmedia_icons": {
                                                            "value": "fab fa-linkedin",
                                                            "library": "fa-brands"
                                                        },
                                                        "ekit_socialmedia_label": "LinkedIn",
                                                        "_id": "34d892f",
                                                        "__globals__": {
                                                            "ekit_socialmedia_icon_bg_color": "globals\/colors?id=f06adda",
                                                            "ekit_socialmedia_icon_color": "globals\/colors?id=21bfb04",
                                                            "ekit_socialmedia_icon_hover_color": "",
                                                            "ekit_socialmedia_icon_hover_bg_color": "globals\/colors?id=fc28385"
                                                        }
                                                    }
                                                ],
                                                "ekit_socialmedai_list_border_radius": {
                                                    "unit": "%",
                                                    "top": "",
                                                    "right": "",
                                                    "bottom": "",
                                                    "left": "",
                                                    "isLinked": true
                                                },
                                                "ekit_socialmedai_list_padding": {
                                                    "unit": "px",
                                                    "top": "8",
                                                    "right": "25",
                                                    "bottom": "8",
                                                    "left": "25",
                                                    "isLinked": false
                                                },
                                                "ekit_socialmedai_list_padding_mobile": {
                                                    "unit": "px",
                                                    "top": "8",
                                                    "right": "22",
                                                    "bottom": "8",
                                                    "left": "22",
                                                    "isLinked": false
                                                },
                                                "ekit_socialmedai_list_margin": {
                                                    "unit": "px",
                                                    "top": "6",
                                                    "right": "6",
                                                    "bottom": "6",
                                                    "left": "6",
                                                    "isLinked": true
                                                },
                                                "ekit_socialmedai_list_icon_size": {
                                                    "unit": "px",
                                                    "size": 20,
                                                    "sizes": []
                                                },
                                                "__globals__": {
                                                    "ekit_socialmedai_list_typography_typography": "globals\/typography?id=ba6914a"
                                                }
                                            },
                                            "elements": [],
                                            "isInner": false,
                                            "widgetType": "elementskit-social-media",
                                            "elType": "widget"
                                        }
                                    ],
                                    "isInner": true,
                                    "elType": "column"
                                }
                            ],
                            "isInner": true,
                            "elType": "section"
                        }
                    ],
                    "isInner": false,
                    "elType": "column"
                }
            ],
            "isInner": false,
            "elType": "section"
        }
    ]
}