{
    "version": "0.4",
    "title": "Contact us",
    "type": "page",
    "metadata": {
        "template_type": "single-page",
        "include_in_zip": "1",
        "elementor_pro_required": "1",
        "wp_page_template": "default"
    },
    "content": [
        {
            "id": "7f35c2bf",
            "settings": {
                "background_background": "classic",
                "background_image": {
                    "id": 992,
                    "url": "https:\/\/demo.bosathemes.com\/fashionable\/wp-content\/uploads\/sites\/19\/2021\/12\/fashion-img22.jpg",
                    "alt": "",
                    "source": "library"
                },
                "background_position": "center center",
                "background_repeat": "no-repeat",
                "background_size": "cover",
                "background_overlay_background": "gradient",
                "_title": "inner-banner",
                "margin": {
                    "unit": "px",
                    "top": "",
                    "right": 0,
                    "bottom": "",
                    "left": 0,
                    "isLinked": true
                },
                "padding": {
                    "unit": "px",
                    "top": "0",
                    "right": "15",
                    "bottom": "0",
                    "left": "15",
                    "isLinked": false
                },
                "__globals__": {
                    "background_overlay_color": ""
                },
                "gap": "no",
                "height": "min-height",
                "custom_height_mobile": {
                    "unit": "px",
                    "size": 320,
                    "sizes": []
                },
                "content_position": "middle",
                "background_overlay_color": "#FFFFFF",
                "margin_tablet": {
                    "unit": "px",
                    "top": "",
                    "right": 0,
                    "bottom": "",
                    "left": 0,
                    "isLinked": true
                },
                "margin_mobile": {
                    "unit": "px",
                    "top": "",
                    "right": 0,
                    "bottom": "",
                    "left": 0,
                    "isLinked": true
                },
                "background_overlay_color_stop": {
                    "unit": "%",
                    "size": 60,
                    "sizes": []
                },
                "background_overlay_color_b": "#F2295B00",
                "background_overlay_gradient_angle": {
                    "unit": "deg",
                    "size": 90,
                    "sizes": []
                },
                "background_overlay_opacity": {
                    "unit": "px",
                    "size": 0.65,
                    "sizes": []
                }
            },
            "elements": [
                {
                    "id": "c86600c",
                    "settings": {
                        "_column_size": 100,
                        "_inline_size": null,
                        "background_background": "classic",
                        "background_position": "initial",
                        "background_position_tablet": "initial",
                        "background_position_mobile": "initial",
                        "background_xpos": {
                            "unit": "%",
                            "size": 100,
                            "sizes": []
                        },
                        "background_xpos_tablet": {
                            "unit": "%",
                            "size": 100,
                            "sizes": []
                        },
                        "background_xpos_mobile": {
                            "unit": "%",
                            "size": 100,
                            "sizes": []
                        },
                        "background_ypos": {
                            "unit": "%",
                            "size": 50,
                            "sizes": []
                        },
                        "background_ypos_tablet": {
                            "unit": "px",
                            "size": 85,
                            "sizes": []
                        },
                        "background_ypos_mobile": {
                            "unit": "%",
                            "size": 85,
                            "sizes": []
                        },
                        "background_repeat": "no-repeat",
                        "background_size": "initial",
                        "background_size_mobile": "initial",
                        "background_bg_width": {
                            "unit": "%",
                            "size": 36,
                            "sizes": []
                        },
                        "background_bg_width_mobile": {
                            "unit": "%",
                            "size": 40,
                            "sizes": []
                        },
                        "margin_tablet": {
                            "unit": "%",
                            "top": "",
                            "right": "",
                            "bottom": "",
                            "left": "",
                            "isLinked": true
                        }
                    },
                    "elements": [
                        {
                            "id": "56a73864",
                            "settings": {
                                "title": "Contact us",
                                "header_size": "h1",
                                "align": "center",
                                "typography_font_family": "Montserrat",
                                "typography_font_size": {
                                    "unit": "px",
                                    "size": 55,
                                    "sizes": []
                                },
                                "typography_font_size_tablet": {
                                    "unit": "px",
                                    "size": 45,
                                    "sizes": []
                                },
                                "typography_font_size_mobile": {
                                    "unit": "px",
                                    "size": 35,
                                    "sizes": []
                                },
                                "typography_font_weight": "800",
                                "typography_text_transform": "uppercase",
                                "typography_line_height": {
                                    "unit": "em",
                                    "size": 1.1,
                                    "sizes": []
                                },
                                "__globals__": {
                                    "title_color": "globals\/colors?id=f06adda"
                                }
                            },
                            "elements": [],
                            "isInner": false,
                            "widgetType": "heading",
                            "elType": "widget"
                        }
                    ],
                    "isInner": false,
                    "elType": "column"
                }
            ],
            "isInner": false,
            "elType": "section"
        },
        {
            "id": "5c2dd05e",
            "settings": {
                "layout": "full_width",
                "gap": "no",
                "margin": {
                    "unit": "px",
                    "top": "",
                    "right": 0,
                    "bottom": "",
                    "left": 0,
                    "isLinked": true
                },
                "_title": "map"
            },
            "elements": [
                {
                    "id": "169dcf1e",
                    "settings": {
                        "_column_size": 100,
                        "_inline_size": null
                    },
                    "elements": [
                        {
                            "id": "7591707e",
                            "settings": {
                                "address": "nelson square park",
                                "zoom": {
                                    "unit": "px",
                                    "size": 17,
                                    "sizes": []
                                },
                                "height": {
                                    "unit": "px",
                                    "size": 400,
                                    "sizes": []
                                },
                                "height_tablet": {
                                    "unit": "px",
                                    "size": 300,
                                    "sizes": []
                                },
                                "css_filters_css_filter": "custom",
                                "css_filters_brightness": {
                                    "unit": "px",
                                    "size": 105,
                                    "sizes": []
                                }
                            },
                            "elements": [],
                            "isInner": false,
                            "widgetType": "google_maps",
                            "elType": "widget"
                        }
                    ],
                    "isInner": false,
                    "elType": "column"
                }
            ],
            "isInner": false,
            "elType": "section"
        },
        {
            "id": "25d54ce2",
            "settings": {
                "gap": "no",
                "structure": "20",
                "margin": {
                    "unit": "px",
                    "top": "110",
                    "right": 0,
                    "bottom": "110",
                    "left": 0,
                    "isLinked": true
                },
                "margin_tablet": {
                    "unit": "px",
                    "top": "",
                    "right": 0,
                    "bottom": "",
                    "left": 0,
                    "isLinked": true
                },
                "margin_mobile": {
                    "unit": "px",
                    "top": "100",
                    "right": 0,
                    "bottom": "100",
                    "left": 0,
                    "isLinked": true
                },
                "padding": {
                    "unit": "px",
                    "top": "0",
                    "right": "15",
                    "bottom": "0",
                    "left": "15",
                    "isLinked": false
                },
                "_title": "contact-form"
            },
            "elements": [
                {
                    "id": "3be70aae",
                    "settings": {
                        "_column_size": 50,
                        "_inline_size": null,
                        "_inline_size_tablet": 100
                    },
                    "elements": [
                        {
                            "id": "5b96b5ba",
                            "settings": {
                                "ekit_heading_title": "Get In Touch !",
                                "ekit_heading_sub_title_show": "yes",
                                "ekit_heading_sub_title": "Contact & Reach Us",
                                "ekit_heading_sub_title_position": "before_title",
                                "shadow_text_content": "bussiness",
                                "ekit_heading_show_seperator": "",
                                "ekit_heading_seperator_style": "elementskit-border-divider elementskit-style-long",
                                "ekit_heading_title_margin": {
                                    "unit": "px",
                                    "top": "0",
                                    "right": "0",
                                    "bottom": "0",
                                    "left": "0",
                                    "isLinked": false
                                },
                                "ekit_heading_sub_title_margn": {
                                    "unit": "px",
                                    "top": "0",
                                    "right": "0",
                                    "bottom": "10",
                                    "left": "0",
                                    "isLinked": false
                                },
                                "ekit_heading_seperator_width": {
                                    "unit": "px",
                                    "size": 1000,
                                    "sizes": []
                                },
                                "ekit_heading_seperator_height": {
                                    "unit": "px",
                                    "size": 1,
                                    "sizes": []
                                },
                                "ekit_heading_seperator_margin": {
                                    "unit": "px",
                                    "top": "-25",
                                    "right": "0",
                                    "bottom": "0",
                                    "left": "0",
                                    "isLinked": false
                                },
                                "__globals__": {
                                    "ekit_heading_sub_title_typography_typography": "globals\/typography?id=ba6914a",
                                    "ekit_heading_title_typography_typography": "globals\/typography?id=secondary",
                                    "ekit_heading_title_color": "globals\/colors?id=text",
                                    "ekit_heading_sub_title_color": "globals\/colors?id=08fcc9d",
                                    "ekit_heading_seperator_color": "globals\/colors?id=ad41708",
                                    "ekit_heading_extra_title_color": "globals\/colors?id=08fcc9d"
                                },
                                "ekit_heading_section_extra_title_show": "yes",
                                "ekit_heading_extra_title": "<p>Dolore numquam diam consectetuer. Perferendis illum curabitur sapiente voluptates rerum occaecat dui aute magni commodi libero magni, suscipit. Incidunt fringilla libero magni, suscipit.<\/p>",
                                "ekit_heading_title_align_tablet": "text_left",
                                "ekit_heading_title_align_mobile": "text_center",
                                "_padding": {
                                    "unit": "px",
                                    "top": "0",
                                    "right": "50",
                                    "bottom": "0",
                                    "left": "0",
                                    "isLinked": false
                                },
                                "_padding_mobile": {
                                    "unit": "px",
                                    "top": "0",
                                    "right": "0",
                                    "bottom": "0",
                                    "left": "0",
                                    "isLinked": false
                                }
                            },
                            "elements": [],
                            "isInner": false,
                            "widgetType": "elementskit-heading",
                            "elType": "widget"
                        },
                        {
                            "id": "d461f26",
                            "settings": {
                                "gap": "no",
                                "margin": {
                                    "unit": "px",
                                    "top": "0",
                                    "right": 0,
                                    "bottom": "20",
                                    "left": 0,
                                    "isLinked": false
                                },
                                "margin_tablet": {
                                    "unit": "px",
                                    "top": "",
                                    "right": 0,
                                    "bottom": "",
                                    "left": 0,
                                    "isLinked": true
                                }
                            },
                            "elements": [
                                {
                                    "id": "545ff545",
                                    "settings": {
                                        "_column_size": 100,
                                        "_inline_size": null,
                                        "content_position": "center",
                                        "align_tablet": "flex-start",
                                        "margin_mobile": {
                                            "unit": "px",
                                            "top": "0",
                                            "right": "0",
                                            "bottom": "40",
                                            "left": "0",
                                            "isLinked": false
                                        },
                                        "align_mobile": "center"
                                    },
                                    "elements": [
                                        {
                                            "id": "19a4f70",
                                            "settings": {
                                                "selected_icon": {
                                                    "value": "icon icon-direction",
                                                    "library": "ekiticons"
                                                },
                                                "primary_color": "#D9D9D9",
                                                "secondary_color": "#787878",
                                                "size": {
                                                    "unit": "px",
                                                    "size": 35,
                                                    "sizes": []
                                                },
                                                "_padding": {
                                                    "unit": "px",
                                                    "top": "25",
                                                    "right": "25",
                                                    "bottom": "22",
                                                    "left": "25",
                                                    "isLinked": false
                                                },
                                                "_z_index": 1,
                                                "_background_background": "classic",
                                                "_background_color": "#F8F8F8",
                                                "_border_border": "solid",
                                                "_border_width": {
                                                    "unit": "px",
                                                    "top": "10",
                                                    "right": "10",
                                                    "bottom": "10",
                                                    "left": "10",
                                                    "isLinked": true
                                                },
                                                "_border_radius": {
                                                    "unit": "%",
                                                    "top": "100",
                                                    "right": "100",
                                                    "bottom": "100",
                                                    "left": "100",
                                                    "isLinked": true
                                                },
                                                "_border_radius_tablet": {
                                                    "unit": "%",
                                                    "top": "",
                                                    "right": "",
                                                    "bottom": "",
                                                    "left": "",
                                                    "isLinked": true
                                                },
                                                "_border_radius_mobile": {
                                                    "unit": "%",
                                                    "top": "",
                                                    "right": "",
                                                    "bottom": "",
                                                    "left": "",
                                                    "isLinked": true
                                                },
                                                "_box_shadow_box_shadow_type": "yes",
                                                "_box_shadow_box_shadow": {
                                                    "horizontal": -10,
                                                    "vertical": 0,
                                                    "blur": 5,
                                                    "spread": 0,
                                                    "color": "rgba(0, 0, 0, 0.015)"
                                                },
                                                "_element_width": "auto",
                                                "__globals__": {
                                                    "primary_color": "globals\/colors?id=text",
                                                    "secondary_color": "globals\/colors?id=08fcc9d",
                                                    "_background_color": "globals\/colors?id=ad41708",
                                                    "_border_color": "globals\/colors?id=21bfb04"
                                                }
                                            },
                                            "elements": [],
                                            "isInner": false,
                                            "widgetType": "icon",
                                            "elType": "widget"
                                        },
                                        {
                                            "id": "25af786b",
                                            "settings": {
                                                "selected_icon": {
                                                    "value": "",
                                                    "library": ""
                                                },
                                                "title_text": "Location Details",
                                                "description_text": "1810 King Street, 5th Avenue, New York",
                                                "title_size": "h5",
                                                "text_align": "left",
                                                "title_bottom_space": {
                                                    "unit": "px",
                                                    "size": 8,
                                                    "sizes": []
                                                },
                                                "_margin": {
                                                    "unit": "px",
                                                    "top": "0",
                                                    "right": "0",
                                                    "bottom": "0",
                                                    "left": "-20",
                                                    "isLinked": false
                                                },
                                                "_padding": {
                                                    "unit": "px",
                                                    "top": "8",
                                                    "right": "100",
                                                    "bottom": "11",
                                                    "left": "60",
                                                    "isLinked": false
                                                },
                                                "_background_background": "gradient",
                                                "_background_color_b": "#F2295B00",
                                                "_background_gradient_angle": {
                                                    "unit": "deg",
                                                    "size": 90,
                                                    "sizes": []
                                                },
                                                "_element_width": "auto",
                                                "__globals__": {
                                                    "_background_color": "globals\/colors?id=ad41708",
                                                    "_background_color_b": "",
                                                    "description_color": "globals\/colors?id=08fcc9d"
                                                },
                                                "text_align_tablet": "left",
                                                "_padding_mobile": {
                                                    "unit": "px",
                                                    "top": "30",
                                                    "right": "50",
                                                    "bottom": "20",
                                                    "left": "50",
                                                    "isLinked": false
                                                },
                                                "text_align_mobile": "center",
                                                "_margin_mobile": {
                                                    "unit": "px",
                                                    "top": "-20",
                                                    "right": "0",
                                                    "bottom": "0",
                                                    "left": "0",
                                                    "isLinked": false
                                                }
                                            },
                                            "elements": [],
                                            "isInner": false,
                                            "widgetType": "icon-box",
                                            "elType": "widget"
                                        }
                                    ],
                                    "isInner": true,
                                    "elType": "column"
                                }
                            ],
                            "isInner": true,
                            "elType": "section"
                        },
                        {
                            "id": "53dad573",
                            "settings": {
                                "gap": "no",
                                "margin": {
                                    "unit": "px",
                                    "top": "0",
                                    "right": 0,
                                    "bottom": "20",
                                    "left": 0,
                                    "isLinked": false
                                }
                            },
                            "elements": [
                                {
                                    "id": "23b9fb8e",
                                    "settings": {
                                        "_column_size": 100,
                                        "_inline_size": null,
                                        "content_position": "center",
                                        "align_tablet": "flex-start",
                                        "margin_mobile": {
                                            "unit": "px",
                                            "top": "0",
                                            "right": "0",
                                            "bottom": "40",
                                            "left": "0",
                                            "isLinked": false
                                        },
                                        "align_mobile": "center"
                                    },
                                    "elements": [
                                        {
                                            "id": "51fd05d7",
                                            "settings": {
                                                "selected_icon": {
                                                    "value": "icon icon-envelope3",
                                                    "library": "ekiticons"
                                                },
                                                "primary_color": "#D9D9D9",
                                                "secondary_color": "#787878",
                                                "size": {
                                                    "unit": "px",
                                                    "size": 35,
                                                    "sizes": []
                                                },
                                                "_padding": {
                                                    "unit": "px",
                                                    "top": "25",
                                                    "right": "25",
                                                    "bottom": "22",
                                                    "left": "25",
                                                    "isLinked": false
                                                },
                                                "_z_index": 1,
                                                "_background_background": "classic",
                                                "_background_color": "#F8F8F8",
                                                "_border_border": "solid",
                                                "_border_width": {
                                                    "unit": "px",
                                                    "top": "10",
                                                    "right": "10",
                                                    "bottom": "10",
                                                    "left": "10",
                                                    "isLinked": true
                                                },
                                                "_border_radius": {
                                                    "unit": "%",
                                                    "top": "100",
                                                    "right": "100",
                                                    "bottom": "100",
                                                    "left": "100",
                                                    "isLinked": true
                                                },
                                                "_border_radius_tablet": {
                                                    "unit": "%",
                                                    "top": "",
                                                    "right": "",
                                                    "bottom": "",
                                                    "left": "",
                                                    "isLinked": true
                                                },
                                                "_border_radius_mobile": {
                                                    "unit": "%",
                                                    "top": "",
                                                    "right": "",
                                                    "bottom": "",
                                                    "left": "",
                                                    "isLinked": true
                                                },
                                                "_box_shadow_box_shadow_type": "yes",
                                                "_box_shadow_box_shadow": {
                                                    "horizontal": -10,
                                                    "vertical": 0,
                                                    "blur": 5,
                                                    "spread": 0,
                                                    "color": "rgba(0, 0, 0, 0.015)"
                                                },
                                                "_element_width": "auto",
                                                "__globals__": {
                                                    "primary_color": "globals\/colors?id=text",
                                                    "secondary_color": "globals\/colors?id=08fcc9d",
                                                    "_background_color": "globals\/colors?id=ad41708",
                                                    "_border_color": "globals\/colors?id=21bfb04"
                                                }
                                            },
                                            "elements": [],
                                            "isInner": false,
                                            "widgetType": "icon",
                                            "elType": "widget"
                                        },
                                        {
                                            "id": "3528ad54",
                                            "settings": {
                                                "selected_icon": {
                                                    "value": "",
                                                    "library": ""
                                                },
                                                "title_text": " Email Address",
                                                "description_text": "youremail@mail.com, company@email.com",
                                                "title_size": "h5",
                                                "text_align": "left",
                                                "title_bottom_space": {
                                                    "unit": "px",
                                                    "size": 8,
                                                    "sizes": []
                                                },
                                                "_margin": {
                                                    "unit": "px",
                                                    "top": "0",
                                                    "right": "0",
                                                    "bottom": "0",
                                                    "left": "-20",
                                                    "isLinked": false
                                                },
                                                "_padding": {
                                                    "unit": "px",
                                                    "top": "8",
                                                    "right": "100",
                                                    "bottom": "11",
                                                    "left": "60",
                                                    "isLinked": false
                                                },
                                                "_background_background": "gradient",
                                                "_background_color_b": "#F2295B00",
                                                "_background_gradient_angle": {
                                                    "unit": "deg",
                                                    "size": 90,
                                                    "sizes": []
                                                },
                                                "_element_width": "auto",
                                                "__globals__": {
                                                    "_background_color": "globals\/colors?id=ad41708",
                                                    "_background_color_b": "",
                                                    "description_color": "globals\/colors?id=08fcc9d"
                                                },
                                                "text_align_tablet": "left",
                                                "_padding_mobile": {
                                                    "unit": "px",
                                                    "top": "30",
                                                    "right": "50",
                                                    "bottom": "20",
                                                    "left": "50",
                                                    "isLinked": false
                                                },
                                                "text_align_mobile": "center",
                                                "_margin_mobile": {
                                                    "unit": "px",
                                                    "top": "-20",
                                                    "right": "0",
                                                    "bottom": "0",
                                                    "left": "0",
                                                    "isLinked": false
                                                }
                                            },
                                            "elements": [],
                                            "isInner": false,
                                            "widgetType": "icon-box",
                                            "elType": "widget"
                                        }
                                    ],
                                    "isInner": true,
                                    "elType": "column"
                                }
                            ],
                            "isInner": true,
                            "elType": "section"
                        },
                        {
                            "id": "28290c95",
                            "settings": {
                                "gap": "no"
                            },
                            "elements": [
                                {
                                    "id": "2bd3382e",
                                    "settings": {
                                        "_column_size": 100,
                                        "_inline_size": null,
                                        "content_position": "center",
                                        "align_tablet": "flex-start",
                                        "align_mobile": "center"
                                    },
                                    "elements": [
                                        {
                                            "id": "6dc243ed",
                                            "settings": {
                                                "selected_icon": {
                                                    "value": "icon icon-phone-call2",
                                                    "library": "ekiticons"
                                                },
                                                "primary_color": "#D9D9D9",
                                                "secondary_color": "#787878",
                                                "size": {
                                                    "unit": "px",
                                                    "size": 35,
                                                    "sizes": []
                                                },
                                                "_padding": {
                                                    "unit": "px",
                                                    "top": "25",
                                                    "right": "25",
                                                    "bottom": "22",
                                                    "left": "25",
                                                    "isLinked": false
                                                },
                                                "_z_index": 1,
                                                "_background_background": "classic",
                                                "_background_color": "#F8F8F8",
                                                "_border_border": "solid",
                                                "_border_width": {
                                                    "unit": "px",
                                                    "top": "10",
                                                    "right": "10",
                                                    "bottom": "10",
                                                    "left": "10",
                                                    "isLinked": true
                                                },
                                                "_border_radius": {
                                                    "unit": "%",
                                                    "top": "100",
                                                    "right": "100",
                                                    "bottom": "100",
                                                    "left": "100",
                                                    "isLinked": true
                                                },
                                                "_border_radius_tablet": {
                                                    "unit": "%",
                                                    "top": "",
                                                    "right": "",
                                                    "bottom": "",
                                                    "left": "",
                                                    "isLinked": true
                                                },
                                                "_border_radius_mobile": {
                                                    "unit": "%",
                                                    "top": "",
                                                    "right": "",
                                                    "bottom": "",
                                                    "left": "",
                                                    "isLinked": true
                                                },
                                                "_box_shadow_box_shadow_type": "yes",
                                                "_box_shadow_box_shadow": {
                                                    "horizontal": -10,
                                                    "vertical": 0,
                                                    "blur": 5,
                                                    "spread": 0,
                                                    "color": "rgba(0, 0, 0, 0.015)"
                                                },
                                                "_element_width": "auto",
                                                "__globals__": {
                                                    "primary_color": "globals\/colors?id=text",
                                                    "secondary_color": "globals\/colors?id=08fcc9d",
                                                    "_background_color": "globals\/colors?id=ad41708",
                                                    "_border_color": "globals\/colors?id=21bfb04"
                                                }
                                            },
                                            "elements": [],
                                            "isInner": false,
                                            "widgetType": "icon",
                                            "elType": "widget"
                                        },
                                        {
                                            "id": "5f2217e9",
                                            "settings": {
                                                "selected_icon": {
                                                    "value": "",
                                                    "library": ""
                                                },
                                                "title_text": "Phone Number",
                                                "description_text": "(+977) 1234-567 \/ (+977) 123-567-87",
                                                "title_size": "h5",
                                                "text_align": "left",
                                                "title_bottom_space": {
                                                    "unit": "px",
                                                    "size": 8,
                                                    "sizes": []
                                                },
                                                "_margin": {
                                                    "unit": "px",
                                                    "top": "0",
                                                    "right": "0",
                                                    "bottom": "0",
                                                    "left": "-20",
                                                    "isLinked": false
                                                },
                                                "_padding": {
                                                    "unit": "px",
                                                    "top": "8",
                                                    "right": "100",
                                                    "bottom": "11",
                                                    "left": "60",
                                                    "isLinked": false
                                                },
                                                "_background_background": "gradient",
                                                "_background_color_b": "#F2295B00",
                                                "_background_gradient_angle": {
                                                    "unit": "deg",
                                                    "size": 90,
                                                    "sizes": []
                                                },
                                                "_element_width": "auto",
                                                "__globals__": {
                                                    "_background_color": "globals\/colors?id=ad41708",
                                                    "_background_color_b": "",
                                                    "description_color": "globals\/colors?id=08fcc9d"
                                                },
                                                "text_align_tablet": "left",
                                                "_padding_mobile": {
                                                    "unit": "px",
                                                    "top": "30",
                                                    "right": "50",
                                                    "bottom": "20",
                                                    "left": "50",
                                                    "isLinked": false
                                                },
                                                "text_align_mobile": "center",
                                                "_margin_mobile": {
                                                    "unit": "px",
                                                    "top": "-20",
                                                    "right": "0",
                                                    "bottom": "0",
                                                    "left": "0",
                                                    "isLinked": false
                                                }
                                            },
                                            "elements": [],
                                            "isInner": false,
                                            "widgetType": "icon-box",
                                            "elType": "widget"
                                        }
                                    ],
                                    "isInner": true,
                                    "elType": "column"
                                }
                            ],
                            "isInner": true,
                            "elType": "section"
                        }
                    ],
                    "isInner": false,
                    "elType": "column"
                },
                {
                    "id": "265bbd20",
                    "settings": {
                        "_column_size": 50,
                        "_inline_size": null,
                        "_inline_size_tablet": 100,
                        "margin": {
                            "unit": "px",
                            "top": "0",
                            "right": "0",
                            "bottom": "0",
                            "left": "30",
                            "isLinked": false
                        },
                        "margin_tablet": {
                            "unit": "px",
                            "top": "50",
                            "right": "0",
                            "bottom": "0",
                            "left": "0",
                            "isLinked": false
                        }
                    },
                    "elements": [
                        {
                            "id": "5f4541f4",
                            "settings": {
                                "form_name": "New Form",
                                "form_fields": [
                                    {
                                        "custom_id": "name",
                                        "field_label": "Name",
                                        "placeholder": "Your Name..",
                                        "_id": "3042032"
                                    },
                                    {
                                        "custom_id": "email",
                                        "field_type": "email",
                                        "required": "true",
                                        "field_label": "Email",
                                        "placeholder": "Your Email..",
                                        "_id": "ae3a597"
                                    },
                                    {
                                        "custom_id": "message",
                                        "field_label": "Subject",
                                        "placeholder": "Your Subject..",
                                        "_id": "4cd92fa"
                                    },
                                    {
                                        "custom_id": "field_57520b6",
                                        "field_type": "textarea",
                                        "field_label": "Message",
                                        "placeholder": "Enter Your Message..",
                                        "rows": 5,
                                        "_id": "57520b6"
                                    }
                                ],
                                "show_labels": "",
                                "button_width": "50",
                                "step_next_label": "Next",
                                "step_previous_label": "Previous",
                                "button_text": "SEND MESSAGE",
                                "email_content": "[all-fields]",
                                "email_content_2": "[all-fields]",
                                "success_message": "The form was sent successfully.",
                                "error_message": "An error occurred.",
                                "required_field_message": "This field is required.",
                                "invalid_message": "There's something wrong. The form is invalid.",
                                "column_gap": {
                                    "unit": "px",
                                    "size": 30,
                                    "sizes": []
                                },
                                "row_gap": {
                                    "unit": "px",
                                    "size": 30,
                                    "sizes": []
                                },
                                "_padding": {
                                    "unit": "px",
                                    "top": "50",
                                    "right": "50",
                                    "bottom": "50",
                                    "left": "50",
                                    "isLinked": true
                                },
                                "_padding_mobile": {
                                    "unit": "px",
                                    "top": "40",
                                    "right": "25",
                                    "bottom": "40",
                                    "left": "25",
                                    "isLinked": false
                                },
                                "_background_background": "classic",
                                "_box_shadow_box_shadow_type": "yes",
                                "_box_shadow_box_shadow": {
                                    "horizontal": 0,
                                    "vertical": 0,
                                    "blur": 25,
                                    "spread": 10,
                                    "color": "rgba(0, 0, 0, 0.03)"
                                },
                                "__globals__": {
                                    "_background_color": "globals\/colors?id=21bfb04",
                                    "field_background_color": "globals\/colors?id=ad41708"
                                }
                            },
                            "elements": [],
                            "isInner": false,
                            "widgetType": "form",
                            "elType": "widget"
                        }
                    ],
                    "isInner": false,
                    "elType": "column"
                }
            ],
            "isInner": false,
            "elType": "section"
        }
    ],
    "page_settings": {
        "hide_title": "yes"
    }
}