{
    "version": "0.4",
    "title": "Fashion Add-ons",
    "type": "page",
    "metadata": {
        "template_type": "single-page",
        "include_in_zip": "1",
        "elementor_pro_required": "1",
        "wp_page_template": "default"
    },
    "content": [
        {
            "id": "fa9ee6",
            "settings": {
                "background_background": "classic",
                "background_image": {
                    "id": 992,
                    "url": "https:\/\/demo.bosathemes.com\/fashionable\/wp-content\/uploads\/sites\/19\/2021\/12\/fashion-img22.jpg",
                    "alt": "",
                    "source": "library"
                },
                "background_position": "center center",
                "background_repeat": "no-repeat",
                "background_size": "cover",
                "background_overlay_background": "gradient",
                "_title": "inner-banner",
                "margin": {
                    "unit": "px",
                    "top": "0",
                    "right": 0,
                    "bottom": "110",
                    "left": 0,
                    "isLinked": false
                },
                "padding": {
                    "unit": "px",
                    "top": "0",
                    "right": "15",
                    "bottom": "0",
                    "left": "15",
                    "isLinked": false
                },
                "__globals__": {
                    "background_overlay_color": ""
                },
                "gap": "no",
                "height": "min-height",
                "custom_height_mobile": {
                    "unit": "px",
                    "size": 320,
                    "sizes": []
                },
                "content_position": "middle",
                "background_overlay_color": "#FFFFFF",
                "margin_tablet": {
                    "unit": "px",
                    "top": "",
                    "right": 0,
                    "bottom": "",
                    "left": 0,
                    "isLinked": true
                },
                "margin_mobile": {
                    "unit": "px",
                    "top": "0",
                    "right": 0,
                    "bottom": "100",
                    "left": 0,
                    "isLinked": false
                },
                "background_overlay_color_stop": {
                    "unit": "%",
                    "size": 60,
                    "sizes": []
                },
                "background_overlay_color_b": "#F2295B00",
                "background_overlay_gradient_angle": {
                    "unit": "deg",
                    "size": 90,
                    "sizes": []
                },
                "background_overlay_opacity": {
                    "unit": "px",
                    "size": 0.65,
                    "sizes": []
                }
            },
            "elements": [
                {
                    "id": "2fb9b2e",
                    "settings": {
                        "_column_size": 100,
                        "_inline_size": null,
                        "background_background": "classic",
                        "background_position": "initial",
                        "background_position_tablet": "initial",
                        "background_position_mobile": "initial",
                        "background_xpos": {
                            "unit": "%",
                            "size": 100,
                            "sizes": []
                        },
                        "background_xpos_tablet": {
                            "unit": "%",
                            "size": 100,
                            "sizes": []
                        },
                        "background_xpos_mobile": {
                            "unit": "%",
                            "size": 100,
                            "sizes": []
                        },
                        "background_ypos": {
                            "unit": "%",
                            "size": 50,
                            "sizes": []
                        },
                        "background_ypos_tablet": {
                            "unit": "px",
                            "size": 85,
                            "sizes": []
                        },
                        "background_ypos_mobile": {
                            "unit": "%",
                            "size": 85,
                            "sizes": []
                        },
                        "background_repeat": "no-repeat",
                        "background_size": "initial",
                        "background_size_mobile": "initial",
                        "background_bg_width": {
                            "unit": "%",
                            "size": 36,
                            "sizes": []
                        },
                        "background_bg_width_mobile": {
                            "unit": "%",
                            "size": 40,
                            "sizes": []
                        },
                        "margin_tablet": {
                            "unit": "%",
                            "top": "",
                            "right": "",
                            "bottom": "",
                            "left": "",
                            "isLinked": true
                        }
                    },
                    "elements": [
                        {
                            "id": "1e5154f9",
                            "settings": {
                                "title": "Fashion Add-ons",
                                "header_size": "h1",
                                "align": "center",
                                "typography_font_family": "Montserrat",
                                "typography_font_size": {
                                    "unit": "px",
                                    "size": 55,
                                    "sizes": []
                                },
                                "typography_font_size_tablet": {
                                    "unit": "px",
                                    "size": 45,
                                    "sizes": []
                                },
                                "typography_font_size_mobile": {
                                    "unit": "px",
                                    "size": 35,
                                    "sizes": []
                                },
                                "typography_font_weight": "800",
                                "typography_text_transform": "uppercase",
                                "typography_line_height": {
                                    "unit": "em",
                                    "size": 1.1,
                                    "sizes": []
                                },
                                "__globals__": {
                                    "title_color": "globals\/colors?id=f06adda"
                                }
                            },
                            "elements": [],
                            "isInner": false,
                            "widgetType": "heading",
                            "elType": "widget"
                        }
                    ],
                    "isInner": false,
                    "elType": "column"
                }
            ],
            "isInner": false,
            "elType": "section"
        },
        {
            "id": "566e3eab",
            "settings": {
                "gap": "no",
                "margin": {
                    "unit": "px",
                    "top": "0",
                    "right": 0,
                    "bottom": "110",
                    "left": 0,
                    "isLinked": false
                },
                "margin_mobile": {
                    "unit": "px",
                    "top": "0",
                    "right": 0,
                    "bottom": "100",
                    "left": 0,
                    "isLinked": false
                },
                "padding": {
                    "unit": "px",
                    "top": "0",
                    "right": "15",
                    "bottom": "0",
                    "left": "15",
                    "isLinked": false
                },
                "_title": "product-list"
            },
            "elements": [
                {
                    "id": "7df242d4",
                    "settings": {
                        "_column_size": 100,
                        "_inline_size": null
                    },
                    "elements": [
                        {
                            "id": "1f1d5fcc",
                            "settings": {
                                "align": "center",
                                "title_color": "#414141",
                                "title_typography_typography": "custom",
                                "title_typography_font_family": "Cinzel",
                                "title_typography_font_size": {
                                    "unit": "px",
                                    "size": 22,
                                    "sizes": []
                                },
                                "title_typography_font_size_mobile": {
                                    "unit": "px",
                                    "size": 18,
                                    "sizes": []
                                },
                                "title_typography_font_weight": "500",
                                "title_typography_line_height": {
                                    "unit": "em",
                                    "size": 1.1,
                                    "sizes": []
                                },
                                "title_typography_word_spacing": {
                                    "unit": "em",
                                    "size": "",
                                    "sizes": []
                                },
                                "price_typography_typography": "custom",
                                "price_typography_font_family": "Cinzel",
                                "price_typography_font_size": {
                                    "unit": "px",
                                    "size": 22,
                                    "sizes": []
                                },
                                "price_typography_font_size_mobile": {
                                    "unit": "px",
                                    "size": 18,
                                    "sizes": []
                                },
                                "price_typography_font_weight": "500",
                                "price_typography_line_height": {
                                    "unit": "em",
                                    "size": 1.1,
                                    "sizes": []
                                },
                                "price_typography_word_spacing": {
                                    "unit": "em",
                                    "size": "",
                                    "sizes": []
                                },
                                "button_text_color": "#414141",
                                "button_background_color": "#11111100",
                                "button_border_radius": {
                                    "unit": "px",
                                    "top": "0",
                                    "right": "0",
                                    "bottom": "0",
                                    "left": "0",
                                    "isLinked": true
                                },
                                "__globals__": {
                                    "title_typography_typography": "globals\/typography?id=61eed76",
                                    "title_color": "globals\/colors?id=text",
                                    "price_typography_typography": "globals\/typography?id=61eed76",
                                    "button_text_color": "globals\/colors?id=text",
                                    "button_background_color": "",
                                    "button_typography_typography": "globals\/typography?id=f95c007",
                                    "button_hover_background_color": "",
                                    "view_cart_typography_typography": "globals\/typography?id=f95c007",
                                    "view_cart_color": "globals\/colors?id=text",
                                    "onsale_typography_typography": "globals\/typography?id=f4610bb",
                                    "price_color": "globals\/colors?id=primary",
                                    "onsale_text_background_color": "globals\/colors?id=primary",
                                    "old_price_color": "globals\/colors?id=08fcc9d",
                                    "star_color": "globals\/colors?id=fc28385",
                                    "empty_star_color": "globals\/colors?id=57a29b1",
                                    "button_border_color": "globals\/colors?id=57a29b1",
                                    "button_hover_color": "globals\/colors?id=fc28385",
                                    "button_hover_border_color": ""
                                },
                                "button_text_padding": {
                                    "unit": "px",
                                    "top": "0",
                                    "right": "0",
                                    "bottom": "2",
                                    "left": "0",
                                    "isLinked": false
                                },
                                "query_exclude": [],
                                "title_spacing": {
                                    "unit": "px",
                                    "size": 4,
                                    "sizes": []
                                },
                                "rating_spacing": {
                                    "unit": "px",
                                    "size": 20,
                                    "sizes": []
                                },
                                "onsale_border_radius": {
                                    "unit": "px",
                                    "size": 0,
                                    "sizes": []
                                },
                                "onsale_width": {
                                    "unit": "px",
                                    "size": 48,
                                    "sizes": []
                                },
                                "onsale_height": {
                                    "unit": "px",
                                    "size": 24,
                                    "sizes": []
                                },
                                "onsale_distance": {
                                    "unit": "px",
                                    "size": 10,
                                    "sizes": []
                                },
                                "star_color": "#2C75BA",
                                "empty_star_color": "#D9D9D9",
                                "price_color": "#F42478",
                                "old_price_color": "#787878",
                                "button_border_color": "#D9D9D9",
                                "button_typography_typography": "custom",
                                "button_typography_font_family": "Jost",
                                "button_typography_font_size": {
                                    "unit": "px",
                                    "size": 14,
                                    "sizes": []
                                },
                                "button_typography_font_weight": "normal",
                                "button_typography_text_transform": "uppercase",
                                "button_typography_line_height": {
                                    "unit": "em",
                                    "size": 1.1,
                                    "sizes": []
                                },
                                "button_typography_word_spacing": {
                                    "unit": "em",
                                    "size": "",
                                    "sizes": []
                                },
                                "button_hover_color": "#2C75BA",
                                "button_hover_background_color": "#2C75BA00",
                                "button_border_border": "solid",
                                "button_border_width": {
                                    "unit": "px",
                                    "top": "0",
                                    "right": "0",
                                    "bottom": "1",
                                    "left": "0",
                                    "isLinked": false
                                },
                                "view_cart_color": "#414141",
                                "view_cart_typography_typography": "custom",
                                "view_cart_typography_font_family": "Jost",
                                "view_cart_typography_font_size": {
                                    "unit": "px",
                                    "size": 14,
                                    "sizes": []
                                },
                                "view_cart_typography_font_weight": "normal",
                                "view_cart_typography_text_transform": "uppercase",
                                "view_cart_typography_line_height": {
                                    "unit": "em",
                                    "size": 1.1,
                                    "sizes": []
                                },
                                "view_cart_typography_word_spacing": {
                                    "unit": "em",
                                    "size": "",
                                    "sizes": []
                                },
                                "onsale_text_background_color": "#F42478",
                                "onsale_typography_typography": "custom",
                                "onsale_typography_font_family": "Jost",
                                "onsale_typography_font_size": {
                                    "unit": "px",
                                    "size": 14,
                                    "sizes": []
                                },
                                "onsale_typography_font_weight": "normal",
                                "onsale_typography_line_height": {
                                    "unit": "em",
                                    "size": "",
                                    "sizes": []
                                },
                                "onsale_typography_word_spacing": {
                                    "unit": "em",
                                    "size": "",
                                    "sizes": []
                                },
                                "rows": 2,
                                "query_post_type": "by_id"
                            },
                            "elements": [],
                            "isInner": false,
                            "widgetType": "woocommerce-products",
                            "elType": "widget"
                        }
                    ],
                    "isInner": false,
                    "elType": "column"
                }
            ],
            "isInner": false,
            "elType": "section"
        },
        {
            "id": "48a094de",
            "settings": {
                "gap": "no",
                "background_background": "classic",
                "background_image": {
                    "url": "https:\/\/demo.bosathemes.com\/fashionable\/wp-content\/uploads\/sites\/19\/2021\/12\/fashion-img30.jpg",
                    "id": 1271,
                    "alt": "",
                    "source": "library"
                },
                "background_position": "center right",
                "background_repeat": "no-repeat",
                "background_size": "cover",
                "padding": {
                    "unit": "px",
                    "top": "100",
                    "right": "15",
                    "bottom": "100",
                    "left": "15",
                    "isLinked": false
                },
                "_title": "callback"
            },
            "elements": [
                {
                    "id": "195fe277",
                    "settings": {
                        "_column_size": 100,
                        "_inline_size": null
                    },
                    "elements": [
                        {
                            "id": "3ec932c4",
                            "settings": {
                                "gap": "no",
                                "structure": "20"
                            },
                            "elements": [
                                {
                                    "id": "22385b5",
                                    "settings": {
                                        "_column_size": 50,
                                        "_inline_size": 60,
                                        "_inline_size_tablet": 100,
                                        "background_background": "classic",
                                        "background_overlay_background": "classic",
                                        "background_overlay_opacity": {
                                            "unit": "px",
                                            "size": 0.9,
                                            "sizes": []
                                        },
                                        "border_border": "solid",
                                        "border_width": {
                                            "unit": "px",
                                            "top": "5",
                                            "right": "5",
                                            "bottom": "5",
                                            "left": "5",
                                            "isLinked": true
                                        },
                                        "padding": {
                                            "unit": "px",
                                            "top": "60",
                                            "right": "60",
                                            "bottom": "60",
                                            "left": "60",
                                            "isLinked": true
                                        },
                                        "padding_mobile": {
                                            "unit": "px",
                                            "top": "40",
                                            "right": "25",
                                            "bottom": "40",
                                            "left": "25",
                                            "isLinked": false
                                        },
                                        "__globals__": {
                                            "background_overlay_color": "globals\/colors?id=21bfb04",
                                            "border_color": "globals\/colors?id=57a29b1"
                                        }
                                    },
                                    "elements": [
                                        {
                                            "id": "18842e18",
                                            "settings": {
                                                "ekit_heading_title": "20% Discount On Purchase!",
                                                "ekit_heading_sub_title_show": "yes",
                                                "ekit_heading_sub_title": "Happy Summer Sale !!",
                                                "ekit_heading_sub_title_position": "before_title",
                                                "shadow_text_content": "bussiness",
                                                "ekit_heading_show_seperator": "",
                                                "ekit_heading_seperator_style": "elementskit-border-divider elementskit-style-long",
                                                "ekit_heading_title_margin": {
                                                    "unit": "px",
                                                    "top": "0",
                                                    "right": "0",
                                                    "bottom": "0",
                                                    "left": "0",
                                                    "isLinked": false
                                                },
                                                "ekit_heading_sub_title_margn": {
                                                    "unit": "px",
                                                    "top": "0",
                                                    "right": "0",
                                                    "bottom": "20",
                                                    "left": "0",
                                                    "isLinked": false
                                                },
                                                "ekit_heading_seperator_width": {
                                                    "unit": "px",
                                                    "size": 1000,
                                                    "sizes": []
                                                },
                                                "ekit_heading_seperator_height": {
                                                    "unit": "px",
                                                    "size": 1,
                                                    "sizes": []
                                                },
                                                "ekit_heading_seperator_margin": {
                                                    "unit": "px",
                                                    "top": "-25",
                                                    "right": "0",
                                                    "bottom": "0",
                                                    "left": "0",
                                                    "isLinked": false
                                                },
                                                "__globals__": {
                                                    "ekit_heading_sub_title_typography_typography": "globals\/typography?id=61eed76",
                                                    "ekit_heading_title_typography_typography": "globals\/typography?id=primary",
                                                    "ekit_heading_title_color": "globals\/colors?id=f06adda",
                                                    "ekit_heading_sub_title_color": "globals\/colors?id=primary",
                                                    "ekit_heading_seperator_color": "globals\/colors?id=ad41708",
                                                    "ekit_heading_extra_title_typography_typography": "globals\/typography?id=f500460",
                                                    "ekit_heading_extra_title_color": "globals\/colors?id=08fcc9d"
                                                },
                                                "ekit_heading_section_extra_title_show": "yes",
                                                "ekit_heading_extra_title": "<p>Wisi dolore quidem inceptos eu! Ab, ultrices dolore? Incididunt vitae sint proin faucibus optio reiciendis ipsum vel.<\/p>",
                                                "ekit_heading_title_align_tablet": "text_center"
                                            },
                                            "elements": [],
                                            "isInner": false,
                                            "widgetType": "elementskit-heading",
                                            "elType": "widget"
                                        },
                                        {
                                            "id": "2480fb44",
                                            "settings": {
                                                "text": "CHECKOUT PRODUCTS",
                                                "__globals__": {
                                                    "background_color": ""
                                                },
                                                "align": "left",
                                                "align_tablet": "center"
                                            },
                                            "elements": [],
                                            "isInner": false,
                                            "widgetType": "button",
                                            "elType": "widget"
                                        }
                                    ],
                                    "isInner": true,
                                    "elType": "column"
                                },
                                {
                                    "id": "62d15e73",
                                    "settings": {
                                        "_column_size": 50,
                                        "_inline_size": 40
                                    },
                                    "elements": [],
                                    "isInner": true,
                                    "elType": "column"
                                }
                            ],
                            "isInner": true,
                            "elType": "section"
                        }
                    ],
                    "isInner": false,
                    "elType": "column"
                }
            ],
            "isInner": false,
            "elType": "section"
        }
    ],
    "page_settings": {
        "hide_title": "yes"
    }
}