{
    "version": "0.4",
    "title": "Global Kit Styles",
    "type": "section",
    "metadata": {
        "template_type": "global-styles",
        "include_in_zip": "1",
        "elementor_pro_required": "1",
        "additional_template_information": [
            "These are the global theme styles configured through the Elementor Theme Styles area."
        ],
        "wp_page_template": "default"
    },
    "content": [],
    "page_settings": {
        "system_colors": [
            {
                "_id": "primary",
                "title": "Primary",
                "color": "#F42478"
            },
            {
                "_id": "secondary",
                "title": "Secondary",
                "color": "#2C75BA"
            },
            {
                "_id": "text",
                "title": "Text",
                "color": "#414141"
            },
            {
                "_id": "accent",
                "title": "Accent",
                "color": "#F42478"
            }
        ],
        "custom_colors": [
            {
                "_id": "fc28385",
                "title": "Hover",
                "color": "#2C75BA"
            },
            {
                "_id": "21bfb04",
                "title": "Bright",
                "color": "#FFFFFF"
            },
            {
                "_id": "ad41708",
                "title": "Glossy",
                "color": "#F8F8F8"
            },
            {
                "_id": "57a29b1",
                "title": "Shiny",
                "color": "#D9D9D9"
            },
            {
                "_id": "d345fd2",
                "title": "Soft",
                "color": "#A7A7A7"
            },
            {
                "_id": "08fcc9d",
                "title": "Light",
                "color": "#787878"
            },
            {
                "_id": "e5e9561",
                "title": "Dark",
                "color": "#292929"
            },
            {
                "_id": "f06adda",
                "title": "Darker",
                "color": "#111111"
            }
        ],
        "system_typography": [
            {
                "_id": "primary",
                "title": "H1 Heading",
                "typography_typography": "custom",
                "typography_font_family": "Cinzel",
                "typography_font_weight": "normal",
                "typography_font_size": {
                    "unit": "px",
                    "size": 62,
                    "sizes": []
                },
                "typography_line_height": {
                    "unit": "em",
                    "size": 1.1,
                    "sizes": []
                },
                "typography_font_size_tablet": {
                    "unit": "px",
                    "size": 55,
                    "sizes": []
                },
                "typography_font_size_mobile": {
                    "unit": "px",
                    "size": 38,
                    "sizes": []
                }
            },
            {
                "_id": "secondary",
                "title": "H2 Heading",
                "typography_typography": "custom",
                "typography_font_family": "Cinzel",
                "typography_font_weight": "normal",
                "typography_font_size": {
                    "unit": "px",
                    "size": 50,
                    "sizes": []
                },
                "typography_line_height": {
                    "unit": "em",
                    "size": 1.1,
                    "sizes": []
                },
                "typography_font_size_tablet": {
                    "unit": "px",
                    "size": 45,
                    "sizes": []
                },
                "typography_font_size_mobile": {
                    "unit": "px",
                    "size": 34,
                    "sizes": []
                }
            },
            {
                "_id": "text",
                "title": "H3 Heading",
                "typography_typography": "custom",
                "typography_font_family": "Cinzel",
                "typography_font_weight": "normal",
                "typography_font_size": {
                    "unit": "px",
                    "size": 38,
                    "sizes": []
                },
                "typography_line_height": {
                    "unit": "em",
                    "size": 1.1,
                    "sizes": []
                },
                "typography_font_size_tablet": {
                    "unit": "px",
                    "size": 35,
                    "sizes": []
                },
                "typography_font_size_mobile": {
                    "unit": "px",
                    "size": 29,
                    "sizes": []
                }
            },
            {
                "_id": "accent",
                "title": "H4 Heading",
                "typography_typography": "custom",
                "typography_font_family": "Cinzel",
                "typography_font_weight": "normal",
                "typography_font_size": {
                    "unit": "px",
                    "size": 28,
                    "sizes": []
                },
                "typography_line_height": {
                    "unit": "em",
                    "size": 1.1,
                    "sizes": []
                },
                "typography_font_size_tablet": {
                    "unit": "px",
                    "size": 25,
                    "sizes": []
                },
                "typography_font_size_mobile": {
                    "unit": "px",
                    "size": 24,
                    "sizes": []
                }
            }
        ],
        "custom_typography": [
            {
                "_id": "61eed76",
                "title": "H5 Heading",
                "typography_typography": "custom",
                "typography_font_family": "Cinzel",
                "typography_font_size": {
                    "unit": "px",
                    "size": 22,
                    "sizes": []
                },
                "typography_font_weight": "500",
                "typography_line_height": {
                    "unit": "em",
                    "size": 1.1,
                    "sizes": []
                },
                "typography_font_size_mobile": {
                    "unit": "px",
                    "size": 19,
                    "sizes": []
                }
            },
            {
                "_id": "92b0a2d",
                "title": "H6 Heading",
                "typography_typography": "custom",
                "typography_font_family": "Cinzel",
                "typography_font_size": {
                    "unit": "px",
                    "size": 17,
                    "sizes": []
                },
                "typography_font_weight": "500",
                "typography_line_height": {
                    "unit": "em",
                    "size": 1.1,
                    "sizes": []
                },
                "typography_font_size_mobile": {
                    "unit": "px",
                    "size": 16,
                    "sizes": []
                }
            },
            {
                "_id": "f500460",
                "title": "Text",
                "typography_typography": "custom",
                "typography_font_family": "Jost",
                "typography_font_size": {
                    "unit": "px",
                    "size": 16,
                    "sizes": []
                },
                "typography_font_weight": "normal",
                "typography_line_height": {
                    "unit": "em",
                    "size": 1.5,
                    "sizes": []
                },
                "typography_font_size_mobile": {
                    "unit": "px",
                    "size": 14,
                    "sizes": []
                }
            },
            {
                "_id": "ba6914a",
                "title": "Accent",
                "typography_typography": "custom",
                "typography_font_family": "Jost",
                "typography_font_size": {
                    "unit": "px",
                    "size": 16,
                    "sizes": []
                },
                "typography_font_weight": "normal",
                "typography_line_height": {
                    "unit": "em",
                    "size": 1.2,
                    "sizes": []
                },
                "typography_font_size_mobile": {
                    "unit": "px",
                    "size": 15,
                    "sizes": []
                }
            },
            {
                "_id": "317d263",
                "title": "Super Large",
                "typography_typography": "custom",
                "typography_font_size": {
                    "unit": "px",
                    "size": 300,
                    "sizes": []
                },
                "typography_font_weight": "700",
                "typography_line_height": {
                    "unit": "em",
                    "size": 1,
                    "sizes": []
                },
                "typography_font_family": "Cinzel",
                "typography_font_size_tablet": {
                    "unit": "px",
                    "size": 250,
                    "sizes": []
                },
                "typography_font_size_mobile": {
                    "unit": "px",
                    "size": 140,
                    "sizes": []
                }
            },
            {
                "_id": "99dd0b2",
                "title": "Extra Large",
                "typography_typography": "custom",
                "typography_font_size": {
                    "unit": "px",
                    "size": 95,
                    "sizes": []
                },
                "typography_font_weight": "500",
                "typography_line_height": {
                    "unit": "em",
                    "size": 1,
                    "sizes": []
                },
                "typography_font_family": "Cinzel",
                "typography_font_size_tablet": {
                    "unit": "px",
                    "size": 70,
                    "sizes": []
                },
                "typography_font_size_mobile": {
                    "unit": "px",
                    "size": 46,
                    "sizes": []
                }
            },
            {
                "_id": "2bd9da1",
                "title": "Large",
                "typography_typography": "custom",
                "typography_font_family": "Cinzel",
                "typography_font_size": {
                    "unit": "px",
                    "size": 70,
                    "sizes": []
                },
                "typography_font_weight": "500",
                "typography_line_height": {
                    "unit": "em",
                    "size": 1,
                    "sizes": []
                },
                "typography_font_size_mobile": {
                    "unit": "px",
                    "size": 41,
                    "sizes": []
                },
                "typography_font_size_tablet": {
                    "unit": "px",
                    "size": 60,
                    "sizes": []
                }
            },
            {
                "_id": "f95c007",
                "title": "button",
                "typography_typography": "custom",
                "typography_font_family": "Jost",
                "typography_font_size": {
                    "unit": "px",
                    "size": 14,
                    "sizes": []
                },
                "typography_line_height": {
                    "unit": "em",
                    "size": 1.1,
                    "sizes": []
                },
                "typography_text_transform": "uppercase",
                "typography_font_weight": "normal"
            },
            {
                "_id": "f4610bb",
                "title": "super small",
                "typography_typography": "custom",
                "typography_font_family": "Jost",
                "typography_font_size": {
                    "unit": "px",
                    "size": 14,
                    "sizes": []
                },
                "typography_font_weight": "normal",
                "typography_line_height": {
                    "unit": "em",
                    "size": "",
                    "sizes": []
                }
            }
        ],
        "default_generic_fonts": "Sans-serif",
        "page_title_selector": "h1.entry-title",
        "activeItemIndex": 1,
        "viewport_md": 768,
        "viewport_lg": 1025,
        "paragraph_spacing": {
            "unit": "px",
            "size": 15,
            "sizes": []
        },
        "link_normal_typography_font_family": "Prompt",
        "link_normal_typography_line_height": {
            "unit": "em",
            "size": 1.1,
            "sizes": []
        },
        "link_hover_typography_font_family": "Prompt",
        "link_hover_typography_line_height": {
            "unit": "em",
            "size": 1.1,
            "sizes": []
        },
        "button_border_radius": {
            "unit": "px",
            "top": "0",
            "right": "0",
            "bottom": "0",
            "left": "0",
            "isLinked": true
        },
        "button_padding": {
            "unit": "px",
            "top": "16",
            "right": "25",
            "bottom": "16",
            "left": "25",
            "isLinked": false
        },
        "form_field_border_border": "solid",
        "form_field_border_width": {
            "unit": "px",
            "top": "0",
            "right": "0",
            "bottom": "0",
            "left": "0",
            "isLinked": true
        },
        "form_field_padding": {
            "unit": "px",
            "top": "15",
            "right": "15",
            "bottom": "15",
            "left": "15",
            "isLinked": true
        },
        "form_field_border_radius": {
            "unit": "px",
            "top": "0",
            "right": "0",
            "bottom": "0",
            "left": "0",
            "isLinked": true
        },
        "hello_footer_copyright_text": "All rights reserved",
        "__globals__": {
            "button_typography_typography": "globals\/typography?id=ba6914a",
            "button_background_color": "globals\/colors?id=f06adda",
            "button_hover_background_color": "globals\/colors?id=fc28385",
            "button_text_color": "globals\/colors?id=21bfb04",
            "button_hover_text_color": "globals\/colors?id=21bfb04",
            "link_normal_color": "",
            "link_hover_color": "",
            "body_typography_typography": "globals\/typography?id=f500460",
            "h1_color": "globals\/colors?id=f06adda",
            "h2_color": "globals\/colors?id=f06adda",
            "h3_color": "globals\/colors?id=f06adda",
            "h4_color": "globals\/colors?id=f06adda",
            "h5_color": "globals\/colors?id=f06adda",
            "h6_color": "globals\/colors?id=f06adda",
            "h1_typography_typography": "globals\/typography?id=primary",
            "h2_typography_typography": "globals\/typography?id=secondary",
            "h3_typography_typography": "globals\/typography?id=text",
            "h4_typography_typography": "globals\/typography?id=accent",
            "h5_typography_typography": "globals\/typography?id=61eed76",
            "h6_typography_typography": "globals\/typography?id=92b0a2d",
            "body_color": "globals\/colors?id=text",
            "form_label_color": "globals\/colors?id=e5e9561",
            "form_label_typography_typography": "globals\/typography?id=f500460",
            "form_field_typography_typography": "globals\/typography?id=f500460",
            "form_field_text_color": "globals\/colors?id=text",
            "form_field_background_color": "globals\/colors?id=ad41708"
        },
        "button_box_shadow_box_shadow": {
            "horizontal": 0,
            "vertical": 0,
            "blur": 10,
            "spread": 0,
            "color": "rgba(0, 0, 0, 0.5)"
        },
        "button_hover_border_width": {
            "unit": "px",
            "top": "0",
            "right": "0",
            "bottom": "0",
            "left": "0",
            "isLinked": true
        },
        "button_hover_border_radius": {
            "unit": "px",
            "top": "0",
            "right": "0",
            "bottom": "0",
            "left": "0",
            "isLinked": true
        },
        "button_border_border": "solid",
        "button_border_width": {
            "unit": "px",
            "top": "0",
            "right": "0",
            "bottom": "0",
            "left": "0",
            "isLinked": true
        },
        "button_hover_border_border": "solid",
        "button_text_color": "#FFFFFF",
        "button_background_color": "#F42478",
        "button_hover_text_color": "#FFFFFF",
        "button_hover_background_color": "#2C75BA"
    }
}