{
    "version": "0.4",
    "title": "Header",
    "type": "header",
    "metadata": {
        "template_type": "section-header",
        "include_in_zip": "1",
        "elementor_pro_required": "1",
        "elementor_library_type": "header",
        "elementor_pro_conditions": [
            "include\/general"
        ],
        "additional_template_information": [
            "This is a \"Header\" template for Elementor Pro.",
            "This template will display on: Entire Site."
        ],
        "wp_page_template": "default"
    },
    "content": [
        {
            "id": "6a5d58f6",
            "settings": {
                "gap": "no",
                "content_position": "middle",
                "structure": "20",
                "border_border": "solid",
                "border_width": {
                    "unit": "px",
                    "top": "0",
                    "right": "0",
                    "bottom": "1",
                    "left": "0",
                    "isLinked": false
                },
                "margin": {
                    "unit": "px",
                    "top": "",
                    "right": 0,
                    "bottom": "",
                    "left": 0,
                    "isLinked": true
                },
                "padding": {
                    "unit": "px",
                    "top": "10",
                    "right": "15",
                    "bottom": "10",
                    "left": "15",
                    "isLinked": false
                },
                "_title": "Top-header",
                "margin_tablet": {
                    "unit": "px",
                    "top": "",
                    "right": 0,
                    "bottom": "",
                    "left": 0,
                    "isLinked": true
                },
                "background_overlay_background": "classic",
                "__globals__": {
                    "background_overlay_color": "",
                    "background_color": "",
                    "border_color": "globals\/colors?id=ad41708"
                },
                "background_background": "classic",
                "reverse_order_mobile": "reverse-mobile"
            },
            "elements": [
                {
                    "id": "138e896b",
                    "settings": {
                        "_column_size": 50,
                        "_inline_size": null,
                        "_inline_size_tablet": 50,
                        "_inline_size_mobile": 100,
                        "padding_mobile": {
                            "unit": "px",
                            "top": "0",
                            "right": "0",
                            "bottom": "0",
                            "left": "0",
                            "isLinked": false
                        },
                        "align": "flex-end",
                        "content_position": "center",
                        "align_tablet": "center",
                        "padding_tablet": {
                            "unit": "px",
                            "top": "5",
                            "right": "0",
                            "bottom": "0",
                            "left": "0",
                            "isLinked": false
                        }
                    },
                    "elements": [
                        {
                            "id": "1e56e069",
                            "settings": {
                                "social_icon_list": [
                                    {
                                        "social_icon": {
                                            "value": "fab fa-facebook",
                                            "library": "fa-brands"
                                        },
                                        "_id": "2d19f79",
                                        "link": {
                                            "url": "#",
                                            "is_external": "true",
                                            "nofollow": "",
                                            "custom_attributes": ""
                                        }
                                    },
                                    {
                                        "social_icon": {
                                            "value": "fab fa-twitter",
                                            "library": "fa-brands"
                                        },
                                        "_id": "ca37c7e",
                                        "link": {
                                            "url": "#",
                                            "is_external": "true",
                                            "nofollow": "",
                                            "custom_attributes": ""
                                        }
                                    },
                                    {
                                        "social_icon": {
                                            "value": "fab fa-behance",
                                            "library": "fa-brands"
                                        },
                                        "_id": "efa6401",
                                        "link": {
                                            "url": "#",
                                            "is_external": "true",
                                            "nofollow": "",
                                            "custom_attributes": ""
                                        }
                                    },
                                    {
                                        "social_icon": {
                                            "value": "fab fa-linkedin",
                                            "library": "fa-brands"
                                        },
                                        "link": {
                                            "url": "#",
                                            "is_external": "true",
                                            "nofollow": "",
                                            "custom_attributes": ""
                                        },
                                        "_id": "086c5b4"
                                    },
                                    {
                                        "social_icon": {
                                            "value": "fab fa-pinterest",
                                            "library": "fa-brands"
                                        },
                                        "link": {
                                            "url": "#",
                                            "is_external": "true",
                                            "nofollow": "",
                                            "custom_attributes": ""
                                        },
                                        "_id": "e33f4ac"
                                    }
                                ],
                                "align": "left",
                                "align_tablet": "left",
                                "icon_color": "custom",
                                "icon_primary_color": "#02010100",
                                "icon_size": {
                                    "unit": "px",
                                    "size": 16,
                                    "sizes": []
                                },
                                "icon_padding": {
                                    "unit": "em",
                                    "size": 0,
                                    "sizes": []
                                },
                                "icon_spacing": {
                                    "unit": "px",
                                    "size": 15,
                                    "sizes": []
                                },
                                "hover_primary_color": "#02010100",
                                "__globals__": {
                                    "icon_secondary_color": "globals\/colors?id=08fcc9d",
                                    "hover_secondary_color": "globals\/colors?id=fc28385",
                                    "_border_color": "globals\/colors?id=ad41708"
                                },
                                "align_mobile": "center",
                                "_margin_mobile": {
                                    "unit": "px",
                                    "top": "5",
                                    "right": "0",
                                    "bottom": "0",
                                    "left": "0",
                                    "isLinked": false
                                },
                                "_padding_mobile": {
                                    "unit": "px",
                                    "top": "10",
                                    "right": "0",
                                    "bottom": "0",
                                    "left": "0",
                                    "isLinked": false
                                },
                                "_border_border": "solid",
                                "_border_width_mobile": {
                                    "unit": "px",
                                    "top": "1",
                                    "right": "0",
                                    "bottom": "0",
                                    "left": "0",
                                    "isLinked": false
                                },
                                "_border_width": {
                                    "unit": "px",
                                    "top": "0",
                                    "right": "0",
                                    "bottom": "0",
                                    "left": "0",
                                    "isLinked": true
                                }
                            },
                            "elements": [],
                            "isInner": false,
                            "widgetType": "social-icons",
                            "elType": "widget"
                        }
                    ],
                    "isInner": false,
                    "elType": "column"
                },
                {
                    "id": "764d3569",
                    "settings": {
                        "_column_size": 50,
                        "_inline_size": null
                    },
                    "elements": [
                        {
                            "id": "326afe24",
                            "settings": {
                                "view": "inline",
                                "icon_list": [
                                    {
                                        "text": "Log In",
                                        "selected_icon": {
                                            "value": "",
                                            "library": ""
                                        },
                                        "_id": "a109e8b",
                                        "link": {
                                            "url": "#",
                                            "is_external": "",
                                            "nofollow": "",
                                            "custom_attributes": ""
                                        }
                                    },
                                    {
                                        "text": "Register Account",
                                        "selected_icon": {
                                            "value": "",
                                            "library": ""
                                        },
                                        "_id": "c694942",
                                        "link": {
                                            "url": "#",
                                            "is_external": "",
                                            "nofollow": "",
                                            "custom_attributes": ""
                                        }
                                    }
                                ],
                                "icon_align": "right",
                                "divider": "yes",
                                "text_indent": {
                                    "unit": "px",
                                    "size": 5,
                                    "sizes": []
                                },
                                "__globals__": {
                                    "divider_color": "globals\/colors?id=57a29b1",
                                    "icon_typography_typography": "globals\/typography?id=f4610bb",
                                    "text_color": "globals\/colors?id=08fcc9d",
                                    "text_color_hover": "globals\/colors?id=fc28385"
                                },
                                "icon_align_mobile": "center"
                            },
                            "elements": [],
                            "isInner": false,
                            "widgetType": "icon-list",
                            "elType": "widget"
                        }
                    ],
                    "isInner": false,
                    "elType": "column"
                }
            ],
            "isInner": false,
            "elType": "section"
        },
        {
            "id": "7055a8a7",
            "settings": {
                "gap": "no",
                "content_position": "middle",
                "structure": "40",
                "margin": {
                    "unit": "px",
                    "top": "18",
                    "right": 0,
                    "bottom": "18",
                    "left": 0,
                    "isLinked": true
                },
                "padding": {
                    "unit": "px",
                    "top": "0",
                    "right": "15",
                    "bottom": "0",
                    "left": "15",
                    "isLinked": false
                },
                "_title": "Bottom-header",
                "margin_tablet": {
                    "unit": "px",
                    "top": "",
                    "right": 0,
                    "bottom": "",
                    "left": 0,
                    "isLinked": true
                },
                "margin_mobile": {
                    "unit": "px",
                    "top": "",
                    "right": 0,
                    "bottom": "",
                    "left": 0,
                    "isLinked": true
                },
                "background_overlay_background": "classic",
                "__globals__": {
                    "background_overlay_color": "",
                    "background_color": ""
                },
                "background_background": "classic"
            },
            "elements": [
                {
                    "id": "5e42f22c",
                    "settings": {
                        "_column_size": 25,
                        "_inline_size": 16,
                        "padding": {
                            "unit": "px",
                            "top": "0",
                            "right": "15",
                            "bottom": "0",
                            "left": "0",
                            "isLinked": false
                        },
                        "_inline_size_tablet": 22,
                        "_inline_size_mobile": 55,
                        "border_width_mobile": {
                            "unit": "px",
                            "top": "0",
                            "right": "0",
                            "bottom": "1",
                            "left": "0",
                            "isLinked": false
                        },
                        "border_color": "#FFFFFF2B",
                        "border_border": "solid",
                        "border_width": {
                            "unit": "px",
                            "top": "0",
                            "right": "0",
                            "bottom": "0",
                            "left": "0",
                            "isLinked": true
                        },
                        "margin_mobile": {
                            "unit": "px",
                            "top": "0",
                            "right": "0",
                            "bottom": "0",
                            "left": "0",
                            "isLinked": false
                        }
                    },
                    "elements": [
                        {
                            "id": "4ff7de52",
                            "settings": {
                                "__dynamic__": {
                                    "image": "[elementor-tag id=\"\" name=\"site-logo\" settings=\"%7B%7D\"]",
                                    "link": "[elementor-tag id=\"\" name=\"site-url\" settings=\"%7B%7D\"]"
                                },
                                "align": "left",
                                "align_mobile": "left",
                                "image": {
                                    "id": "16",
                                    "url": "https:\/\/demo.bosathemes.com\/fashionable\/wp-content\/uploads\/sites\/19\/2021\/12\/placeholder-1.png"
                                }
                            },
                            "elements": [],
                            "isInner": false,
                            "widgetType": "theme-site-logo",
                            "elType": "widget"
                        }
                    ],
                    "isInner": false,
                    "elType": "column"
                },
                {
                    "id": "205e570b",
                    "settings": {
                        "_column_size": 25,
                        "_inline_size": 57,
                        "padding": {
                            "unit": "px",
                            "top": "0",
                            "right": "60",
                            "bottom": "0",
                            "left": "0",
                            "isLinked": false
                        },
                        "_inline_size_tablet": 38,
                        "_inline_size_mobile": 45,
                        "padding_mobile": {
                            "unit": "px",
                            "top": "0",
                            "right": "0",
                            "bottom": "0",
                            "left": "0",
                            "isLinked": false
                        },
                        "content_position": "center",
                        "padding_tablet": {
                            "unit": "px",
                            "top": "0",
                            "right": "20",
                            "bottom": "0",
                            "left": "0",
                            "isLinked": false
                        }
                    },
                    "elements": [
                        {
                            "id": "1d8bd919",
                            "settings": {
                                "align_items": "right",
                                "pointer_width": {
                                    "unit": "px",
                                    "size": 0,
                                    "sizes": []
                                },
                                "padding_horizontal_menu_item": {
                                    "unit": "px",
                                    "size": "0",
                                    "sizes": []
                                },
                                "menu_space_between": {
                                    "unit": "px",
                                    "size": 40,
                                    "sizes": []
                                },
                                "dropdown_box_shadow_box_shadow": {
                                    "horizontal": "0",
                                    "vertical": "15",
                                    "blur": "20",
                                    "spread": "0",
                                    "color": "rgba(0,0,0,0.1)"
                                },
                                "padding_horizontal_dropdown_item": {
                                    "unit": "px",
                                    "size": 16,
                                    "sizes": []
                                },
                                "padding_vertical_dropdown_item": {
                                    "unit": "px",
                                    "size": 12,
                                    "sizes": []
                                },
                                "dropdown_top_distance": {
                                    "unit": "px",
                                    "size": "15",
                                    "sizes": []
                                },
                                "full_width": "stretch",
                                "text_align": "center",
                                "toggle_align": "right",
                                "padding_vertical_dropdown_item_mobile": {
                                    "unit": "px",
                                    "size": 15,
                                    "sizes": []
                                },
                                "dropdown_top_distance_tablet": {
                                    "unit": "px",
                                    "size": "20",
                                    "sizes": []
                                },
                                "dropdown_top_distance_mobile": {
                                    "unit": "px",
                                    "size": "20",
                                    "sizes": []
                                },
                                "pointer_color_menu_item_hover": "#FFFFFF",
                                "__globals__": {
                                    "pointer_color_menu_item_hover": "",
                                    "color_menu_item_hover": "globals\/colors?id=primary",
                                    "menu_typography_typography": "globals\/typography?id=ba6914a",
                                    "color_menu_item_active": "globals\/colors?id=primary",
                                    "dropdown_typography_typography": "globals\/typography?id=ba6914a",
                                    "dropdown_divider_color": "",
                                    "color_dropdown_item_hover": "globals\/colors?id=21bfb04",
                                    "color_dropdown_item_active": "globals\/colors?id=21bfb04",
                                    "color_dropdown_item": "globals\/colors?id=text",
                                    "background_color_dropdown_item_hover": "globals\/colors?id=fc28385",
                                    "background_color_dropdown_item_active": "globals\/colors?id=fc28385",
                                    "toggle_background_color_hover": "",
                                    "color_menu_item": "globals\/colors?id=e5e9561",
                                    "toggle_color_hover": "globals\/colors?id=fc28385",
                                    "toggle_background_color": "globals\/colors?id=ad41708",
                                    "toggle_color": "globals\/colors?id=text"
                                },
                                "pointer": "none",
                                "color_menu_item_hover": "#58A05C",
                                "pointer_color_menu_item_active": "#FFFFFF",
                                "padding_vertical_menu_item": {
                                    "unit": "px",
                                    "size": 0,
                                    "sizes": []
                                },
                                "dropdown_divider_border": "solid",
                                "dropdown_divider_color": "#87878726",
                                "dropdown_divider_width": {
                                    "unit": "px",
                                    "size": 1,
                                    "sizes": []
                                },
                                "dropdown_typography_line_height": {
                                    "unit": "em",
                                    "size": 1.3,
                                    "sizes": []
                                },
                                "toggle_border_radius_tablet": {
                                    "unit": "%",
                                    "size": 0,
                                    "sizes": []
                                },
                                "color_dropdown_item": "#313131",
                                "toggle_size_tablet": {
                                    "unit": "px",
                                    "size": 25,
                                    "sizes": []
                                },
                                "toggle_border_radius_mobile": {
                                    "unit": "%",
                                    "size": "",
                                    "sizes": []
                                }
                            },
                            "elements": [],
                            "isInner": false,
                            "widgetType": "nav-menu",
                            "elType": "widget"
                        }
                    ],
                    "isInner": false,
                    "elType": "column"
                },
                {
                    "id": "3b47f235",
                    "settings": {
                        "_column_size": 25,
                        "_inline_size": 15,
                        "_inline_size_tablet": 24,
                        "_inline_size_mobile": 60,
                        "padding_tablet": {
                            "unit": "px",
                            "top": "0",
                            "right": "0",
                            "bottom": "0",
                            "left": "0",
                            "isLinked": false
                        },
                        "padding_mobile": {
                            "unit": "px",
                            "top": "20",
                            "right": "0",
                            "bottom": "0",
                            "left": "0",
                            "isLinked": false
                        },
                        "content_position": "center"
                    },
                    "elements": [
                        {
                            "id": "3900d6d2",
                            "settings": {
                                "ekit_icon_box_header_icons": {
                                    "value": "icon icon-phone-call2",
                                    "library": "ekiticons"
                                },
                                "ekit_icon_box_title_text": "Hot Line:",
                                "ekit_icon_box_description_text": "+01(977) 2599",
                                "ekit_icon_box_btn_text": "Learn more ",
                                "ekit_icon_box_icon_position": "left",
                                "ekit_icon_box_title_size": "h6",
                                "ekit_icon_box_badge_title": "EXCLUSIVE",
                                "ekit_icon_box_infobox_bg_padding": {
                                    "unit": "px",
                                    "top": "0",
                                    "right": "0",
                                    "bottom": "0",
                                    "left": "0",
                                    "isLinked": true
                                },
                                "ekit_icon_box_iocnbox_border_group_border": "solid",
                                "ekit_icon_box_iocnbox_border_group_width": {
                                    "unit": "px",
                                    "top": "0",
                                    "right": "0",
                                    "bottom": "0",
                                    "left": "0",
                                    "isLinked": true
                                },
                                "ekit_icon_box_content_valign": "top",
                                "ekit_icon_title_bottom_space": {
                                    "unit": "px",
                                    "top": "0",
                                    "right": "0",
                                    "bottom": "0",
                                    "left": "0",
                                    "isLinked": true,
                                    "size": "20"
                                },
                                "ekit_icon_title_padding": {
                                    "unit": "px",
                                    "top": "5",
                                    "right": "0",
                                    "bottom": "5",
                                    "left": "0",
                                    "isLinked": ""
                                },
                                "ekit_icon_title_color_hover": "",
                                "ekit_icon_box_icon_border_radius": {
                                    "unit": "%",
                                    "top": "100",
                                    "right": "100",
                                    "bottom": "100",
                                    "left": "100",
                                    "isLinked": true
                                },
                                "ekit_icon_box_icon_border_radius_tablet": {
                                    "unit": "%",
                                    "top": "",
                                    "right": "",
                                    "bottom": "",
                                    "left": "",
                                    "isLinked": true
                                },
                                "ekit_icon_box_icon_border_radius_mobile": {
                                    "unit": "%",
                                    "top": "",
                                    "right": "",
                                    "bottom": "",
                                    "left": "",
                                    "isLinked": true
                                },
                                "ekit_icon_icon_size": {
                                    "unit": "px",
                                    "size": 20,
                                    "sizes": []
                                },
                                "ekit_icon_box_icon_space": {
                                    "unit": "px",
                                    "top": "0",
                                    "right": "10",
                                    "bottom": "0",
                                    "left": "0",
                                    "isLinked": false
                                },
                                "ekit_icon_box_icon_height": {
                                    "unit": "px",
                                    "size": 50,
                                    "sizes": []
                                },
                                "ekit_icon_box_icon_width": {
                                    "unit": "px",
                                    "size": 50,
                                    "sizes": []
                                },
                                "ekit_icon_box_icon_line_height": {
                                    "unit": "px",
                                    "size": 50,
                                    "sizes": []
                                },
                                "__globals__": {
                                    "ekit_icon_title_typography_group_typography": "globals\/typography?id=f95c007",
                                    "ekit_icon_title_color": "globals\/colors?id=08fcc9d",
                                    "ekit_icon_description_color": "globals\/colors?id=primary",
                                    "ekit_icon_description_typography_group_typography": "globals\/typography?id=f500460",
                                    "ekit_icon_box_icon_secondary_color_normal": "globals\/colors?id=ad41708",
                                    "ekit_icon_box_icon_primary_color": "globals\/colors?id=text",
                                    "ekit_icon_box_hover_primary_color": "globals\/colors?id=fc28385",
                                    "ekit_icon_description_color_hover": "globals\/colors?id=fc28385"
                                },
                                "ekit_icon_box_margin": {
                                    "unit": "px",
                                    "top": "0",
                                    "right": "0",
                                    "bottom": "0",
                                    "left": "0",
                                    "isLinked": false,
                                    "size": 15
                                },
                                "ekit_icon_box_text_align_responsive": "left"
                            },
                            "elements": [],
                            "isInner": false,
                            "widgetType": "elementskit-icon-box",
                            "elType": "widget"
                        }
                    ],
                    "isInner": false,
                    "elType": "column"
                },
                {
                    "id": "3f9aed8d",
                    "settings": {
                        "_column_size": 25,
                        "_inline_size": 12,
                        "padding": {
                            "unit": "px",
                            "top": "0",
                            "right": "0",
                            "bottom": "0",
                            "left": "15",
                            "isLinked": false
                        },
                        "_inline_size_tablet": 16,
                        "_inline_size_mobile": 40,
                        "padding_tablet": {
                            "unit": "px",
                            "top": "0",
                            "right": "0",
                            "bottom": "0",
                            "left": "0",
                            "isLinked": false
                        },
                        "padding_mobile": {
                            "unit": "px",
                            "top": "20",
                            "right": "0",
                            "bottom": "0",
                            "left": "0",
                            "isLinked": false
                        },
                        "align": "flex-end",
                        "content_position": "center"
                    },
                    "elements": [
                        {
                            "id": "325c20e1",
                            "settings": {
                                "show_subtotal": "",
                                "toggle_button_border_width": {
                                    "unit": "px",
                                    "size": 0,
                                    "sizes": []
                                },
                                "toggle_button_border_radius": {
                                    "unit": "%",
                                    "size": 100,
                                    "sizes": []
                                },
                                "toggle_icon_size": {
                                    "unit": "px",
                                    "size": 18,
                                    "sizes": []
                                },
                                "toggle_button_padding": {
                                    "unit": "px",
                                    "top": "18",
                                    "right": "18",
                                    "bottom": "13",
                                    "left": "14",
                                    "isLinked": false
                                },
                                "items_indicator_distance": {
                                    "unit": "em",
                                    "size": 1,
                                    "sizes": []
                                },
                                "_element_width": "auto",
                                "__globals__": {
                                    "toggle_button_background_color": "globals\/colors?id=ad41708",
                                    "toggle_button_text_color": "globals\/colors?id=text",
                                    "toggle_button_hover_text_color": "globals\/colors?id=fc28385",
                                    "product_title_typography_typography": "globals\/typography?id=61eed76",
                                    "product_title_color": "globals\/colors?id=f06adda",
                                    "product_price_typography_typography": "globals\/typography?id=61eed76",
                                    "product_price_color": "globals\/colors?id=primary",
                                    "product_buttons_typography_typography": "globals\/typography?id=f95c007",
                                    "items_indicator_text_color": "globals\/colors?id=21bfb04",
                                    "items_indicator_background_color": "globals\/colors?id=primary",
                                    "view_cart_button_text_color": "globals\/colors?id=21bfb04",
                                    "view_cart_button_background_color": "globals\/colors?id=f06adda",
                                    "checkout_border_color": "globals\/colors?id=text",
                                    "checkout_button_text_color": "globals\/colors?id=text",
                                    "divider_color": "globals\/colors?id=ad41708",
                                    "subtotal_typography_typography": "globals\/typography?id=92b0a2d",
                                    "subtotal_color": "globals\/colors?id=f06adda",
                                    "toggle_button_typography_typography": ""
                                },
                                "toggle_button_text_color": "#414141",
                                "toggle_button_background_color": "#F8F8F8",
                                "toggle_button_hover_text_color": "#2C75BA",
                                "toggle_button_typography_font_family": "Cinzel",
                                "toggle_button_typography_font_size": {
                                    "unit": "px",
                                    "size": 17,
                                    "sizes": []
                                },
                                "toggle_button_typography_font_size_mobile": {
                                    "unit": "px",
                                    "size": 16,
                                    "sizes": []
                                },
                                "toggle_button_typography_font_weight": "500",
                                "toggle_button_typography_line_height": {
                                    "unit": "em",
                                    "size": 1.1,
                                    "sizes": []
                                },
                                "toggle_button_typography_word_spacing": {
                                    "unit": "em",
                                    "size": "",
                                    "sizes": []
                                },
                                "items_indicator_text_color": "#FFFFFF",
                                "items_indicator_background_color": "#F42478",
                                "subtotal_color": "#111111",
                                "subtotal_typography_typography": "custom",
                                "subtotal_typography_font_family": "Cinzel",
                                "subtotal_typography_font_size": {
                                    "unit": "px",
                                    "size": 17,
                                    "sizes": []
                                },
                                "subtotal_typography_font_size_mobile": {
                                    "unit": "px",
                                    "size": 16,
                                    "sizes": []
                                },
                                "subtotal_typography_font_weight": "500",
                                "subtotal_typography_line_height": {
                                    "unit": "em",
                                    "size": 1.1,
                                    "sizes": []
                                },
                                "subtotal_typography_word_spacing": {
                                    "unit": "em",
                                    "size": "",
                                    "sizes": []
                                },
                                "product_title_color": "#111111",
                                "product_title_typography_typography": "custom",
                                "product_title_typography_font_family": "Cinzel",
                                "product_title_typography_font_size": {
                                    "unit": "px",
                                    "size": 22,
                                    "sizes": []
                                },
                                "product_title_typography_font_size_mobile": {
                                    "unit": "px",
                                    "size": 19,
                                    "sizes": []
                                },
                                "product_title_typography_font_weight": "500",
                                "product_title_typography_line_height": {
                                    "unit": "em",
                                    "size": 1.1,
                                    "sizes": []
                                },
                                "product_title_typography_word_spacing": {
                                    "unit": "em",
                                    "size": "",
                                    "sizes": []
                                },
                                "product_price_color": "#F42478",
                                "product_price_typography_typography": "custom",
                                "product_price_typography_font_family": "Cinzel",
                                "product_price_typography_font_size": {
                                    "unit": "px",
                                    "size": 22,
                                    "sizes": []
                                },
                                "product_price_typography_font_size_mobile": {
                                    "unit": "px",
                                    "size": 19,
                                    "sizes": []
                                },
                                "product_price_typography_font_weight": "500",
                                "product_price_typography_line_height": {
                                    "unit": "em",
                                    "size": 1.1,
                                    "sizes": []
                                },
                                "product_price_typography_word_spacing": {
                                    "unit": "em",
                                    "size": "",
                                    "sizes": []
                                },
                                "divider_style": "solid",
                                "divider_color": "#F8F8F8",
                                "divider_width": {
                                    "unit": "px",
                                    "size": 1,
                                    "sizes": []
                                },
                                "divider_gap": {
                                    "unit": "px",
                                    "size": 20,
                                    "sizes": []
                                },
                                "product_buttons_typography_typography": "custom",
                                "product_buttons_typography_font_family": "Jost",
                                "product_buttons_typography_font_size": {
                                    "unit": "px",
                                    "size": 14,
                                    "sizes": []
                                },
                                "product_buttons_typography_font_weight": "normal",
                                "product_buttons_typography_text_transform": "uppercase",
                                "product_buttons_typography_line_height": {
                                    "unit": "em",
                                    "size": 1.1,
                                    "sizes": []
                                },
                                "product_buttons_typography_word_spacing": {
                                    "unit": "em",
                                    "size": "",
                                    "sizes": []
                                },
                                "view_cart_button_text_color": "#FFFFFF",
                                "view_cart_button_background_color": "#111111",
                                "checkout_button_text_color": "#414141",
                                "checkout_button_background_color": "#02010100",
                                "checkout_border_border": "solid",
                                "checkout_border_width": {
                                    "unit": "px",
                                    "top": "1",
                                    "right": "1",
                                    "bottom": "1",
                                    "left": "1",
                                    "isLinked": true
                                },
                                "checkout_border_color": "#414141"
                            },
                            "elements": [],
                            "isInner": false,
                            "widgetType": "woocommerce-menu-cart",
                            "elType": "widget"
                        },
                        {
                            "id": "2911c4e6",
                            "settings": {
                                "ekit_search_placeholder_text": "Search...",
                                "ekit_search_icons": {
                                    "value": "icon icon-search2",
                                    "library": "ekiticons"
                                },
                                "ekit_search_icon_font_size": {
                                    "unit": "px",
                                    "size": 17,
                                    "sizes": []
                                },
                                "ekit_header_border_radius": {
                                    "unit": "%",
                                    "top": "100",
                                    "right": "100",
                                    "bottom": "100",
                                    "left": "100",
                                    "isLinked": true
                                },
                                "ekit_search_margin": {
                                    "unit": "px",
                                    "top": "0",
                                    "right": "0",
                                    "bottom": "0",
                                    "left": "0",
                                    "isLinked": true
                                },
                                "ekit_search_width": {
                                    "unit": "px",
                                    "size": 50,
                                    "sizes": []
                                },
                                "ekit_search_height": {
                                    "unit": "px",
                                    "size": 50,
                                    "sizes": []
                                },
                                "ekit_search_line_height": {
                                    "unit": "px",
                                    "size": 55,
                                    "sizes": []
                                },
                                "_margin": {
                                    "unit": "px",
                                    "top": "0",
                                    "right": "0",
                                    "bottom": "0",
                                    "left": "12",
                                    "isLinked": false
                                },
                                "_element_width": "auto",
                                "__globals__": {
                                    "ekit_seacrh_icon_bg_color": "globals\/colors?id=ad41708",
                                    "ekit_searech_icon_color": "globals\/colors?id=text",
                                    "ekit_searech_icon_hover_color": "globals\/colors?id=fc28385"
                                }
                            },
                            "elements": [],
                            "isInner": false,
                            "widgetType": "elementskit-header-search",
                            "elType": "widget"
                        }
                    ],
                    "isInner": false,
                    "elType": "column"
                }
            ],
            "isInner": false,
            "elType": "section"
        }
    ],
    "page_settings": {
        "content_wrapper_html_tag": "header"
    }
}