{
    "version": "0.4",
    "title": "popup",
    "type": "popup",
    "metadata": {
        "template_type": "section-other",
        "include_in_zip": "1",
        "elementor_pro_required": "1",
        "elementor_library_type": "popup",
        "elementor_pro_conditions": [
            "include\/singular",
            "exclude\/singular\/front_page"
        ],
        "additional_template_information": [
            "This is a \"Popup\" template for Elementor Pro.",
            "This template will display on: All Singular."
        ],
        "wp_page_template": "default"
    },
    "content": [
        {
            "id": "d8c47dd",
            "settings": {
                "layout": "full_width",
                "gap": "no",
                "height": "min-height",
                "column_position": "stretch",
                "_title": "Popup",
                "overflow": "hidden",
                "custom_height_mobile": {
                    "unit": "px",
                    "size": 500,
                    "sizes": []
                },
                "background_background": "classic",
                "background_image": {
                    "url": "https:\/\/demo.bosathemes.com\/fashionable\/wp-content\/uploads\/sites\/19\/2021\/12\/fashion-img031.png",
                    "id": 1505,
                    "alt": "",
                    "source": "library"
                },
                "background_position": "center right",
                "background_position_mobile": "bottom center",
                "background_xpos": {
                    "unit": "%",
                    "size": 120,
                    "sizes": []
                },
                "background_xpos_tablet": {
                    "unit": "%",
                    "size": 120,
                    "sizes": []
                },
                "background_xpos_mobile": {
                    "unit": "%",
                    "size": 0,
                    "sizes": []
                },
                "background_ypos_mobile": {
                    "unit": "%",
                    "size": "",
                    "sizes": []
                },
                "background_repeat": "no-repeat",
                "background_size": "initial",
                "background_overlay_background": "classic",
                "__globals__": {
                    "background_overlay_color": "",
                    "background_color": ""
                },
                "background_bg_width": {
                    "unit": "%",
                    "size": 48,
                    "sizes": []
                },
                "background_bg_width_mobile": {
                    "unit": "%",
                    "size": 60,
                    "sizes": []
                },
                "background_overlay_image": {
                    "url": "https:\/\/demo.bosathemes.com\/fashionable\/wp-content\/uploads\/sites\/19\/2021\/12\/fashion-img032.png",
                    "id": 1542,
                    "alt": "",
                    "source": "library"
                },
                "background_overlay_position": "center right",
                "background_overlay_position_mobile": "bottom center",
                "background_overlay_repeat": "no-repeat",
                "background_overlay_size": "initial",
                "background_overlay_bg_width": {
                    "unit": "%",
                    "size": 37,
                    "sizes": []
                },
                "background_overlay_bg_width_mobile": {
                    "unit": "%",
                    "size": 35,
                    "sizes": []
                },
                "background_overlay_opacity": {
                    "unit": "px",
                    "size": 1,
                    "sizes": []
                },
                "padding_mobile": {
                    "unit": "px",
                    "top": "0",
                    "right": "0",
                    "bottom": "0",
                    "left": "0",
                    "isLinked": false
                }
            },
            "elements": [
                {
                    "id": "767e33e7",
                    "settings": {
                        "_column_size": "100"
                    },
                    "elements": [
                        {
                            "id": "4bdb26b1",
                            "settings": {
                                "selected_icon": {
                                    "value": {
                                        "id": 940,
                                        "url": null
                                    },
                                    "library": "svg"
                                },
                                "view": "stacked",
                                "shape": "square",
                                "align": "",
                                "primary_color": "rgba(255, 250, 245, 0)",
                                "size": {
                                    "unit": "px",
                                    "size": "14",
                                    "sizes": []
                                },
                                "icon_padding": {
                                    "unit": "px",
                                    "size": "20",
                                    "sizes": []
                                },
                                "_background_color": "#FFFBF6",
                                "_element_custom_width": {
                                    "unit": "%",
                                    "size": "35",
                                    "sizes": []
                                },
                                "_offset_orientation_h": "end",
                                "_background_color_stop": {
                                    "unit": "%",
                                    "size": "100",
                                    "sizes": []
                                },
                                "_background_color_b": "rgba(108, 124, 105, 0)",
                                "_background_color_b_stop": {
                                    "unit": "%",
                                    "size": "0",
                                    "sizes": []
                                },
                                "hover_primary_color": "rgba(255, 250, 245, 0)",
                                "motion_fx_range": "page",
                                "_offset_x_end_mobile": {
                                    "unit": "px",
                                    "size": "0",
                                    "sizes": []
                                },
                                "_offset_y_mobile": {
                                    "unit": "px",
                                    "size": "0",
                                    "sizes": []
                                },
                                "secondary_color": "#6C7C69",
                                "_margin": {
                                    "unit": "px",
                                    "top": "0",
                                    "right": "0",
                                    "bottom": "-6",
                                    "left": "0",
                                    "isLinked": ""
                                },
                                "__dynamic__": {
                                    "link": "[elementor-tag id=\"0dfa59d\" name=\"popup\" settings=\"%7B%22action%22%3A%22close%22%7D\"]"
                                },
                                "_element_width": "auto",
                                "_position": "absolute",
                                "hover_secondary_color": "#000000"
                            },
                            "elements": [],
                            "isInner": false,
                            "widgetType": "icon",
                            "elType": "widget"
                        },
                        {
                            "id": "1da3d731",
                            "settings": {
                                "height_inner": "min-height",
                                "custom_height_inner": {
                                    "unit": "px",
                                    "size": 120,
                                    "sizes": []
                                },
                                "margin": {
                                    "unit": "px",
                                    "top": "0",
                                    "right": "0",
                                    "bottom": "0",
                                    "left": "0",
                                    "isLinked": "1"
                                },
                                "padding": {
                                    "unit": "%",
                                    "top": "0",
                                    "right": "0",
                                    "bottom": "0",
                                    "left": "0",
                                    "isLinked": ""
                                },
                                "content_position": "middle",
                                "custom_height_inner_mobile": {
                                    "unit": "px",
                                    "size": 100,
                                    "sizes": []
                                },
                                "overflow": "hidden",
                                "structure": "20"
                            },
                            "elements": [
                                {
                                    "id": "4e6797ba",
                                    "settings": {
                                        "_column_size": 50,
                                        "background_background": "classic",
                                        "background_color": "#F424780D",
                                        "space_between_widgets": 10,
                                        "padding": {
                                            "unit": "px",
                                            "top": "0",
                                            "right": "0",
                                            "bottom": "0",
                                            "left": "40",
                                            "isLinked": ""
                                        },
                                        "_inline_size": 45,
                                        "_inline_size_mobile": 80,
                                        "content_position": "center",
                                        "border_width": {
                                            "unit": "px",
                                            "top": "0",
                                            "right": "3",
                                            "bottom": "3",
                                            "left": "0",
                                            "isLinked": false
                                        },
                                        "border_color": "#F42478",
                                        "border_radius": {
                                            "unit": "%",
                                            "top": "",
                                            "right": "",
                                            "bottom": "",
                                            "left": "",
                                            "isLinked": true
                                        },
                                        "border_radius_tablet": {
                                            "unit": "%",
                                            "top": "",
                                            "right": "",
                                            "bottom": "",
                                            "left": "",
                                            "isLinked": true
                                        },
                                        "border_radius_mobile": {
                                            "unit": "%",
                                            "top": "",
                                            "right": "",
                                            "bottom": "",
                                            "left": "",
                                            "isLinked": true
                                        },
                                        "padding_mobile": {
                                            "unit": "px",
                                            "top": "0",
                                            "right": "0",
                                            "bottom": "0",
                                            "left": "30",
                                            "isLinked": false
                                        },
                                        "__globals__": {
                                            "background_color": "",
                                            "border_color": "globals\/colors?id=primary"
                                        }
                                    },
                                    "elements": [
                                        {
                                            "id": "5bd25bea",
                                            "settings": {
                                                "title": "10% Off !!",
                                                "_margin": {
                                                    "unit": "px",
                                                    "top": "0",
                                                    "right": "0",
                                                    "bottom": "-10",
                                                    "left": "0",
                                                    "isLinked": false
                                                },
                                                "__globals__": {
                                                    "typography_typography": "globals\/typography?id=secondary",
                                                    "title_color": "globals\/colors?id=text"
                                                }
                                            },
                                            "elements": [],
                                            "isInner": false,
                                            "widgetType": "heading",
                                            "elType": "widget"
                                        },
                                        {
                                            "id": "3d9a5726",
                                            "settings": {
                                                "editor": "<p>On all every first order<\/p>",
                                                "_margin": {
                                                    "unit": "px",
                                                    "top": "0",
                                                    "right": "0",
                                                    "bottom": "-20",
                                                    "left": "0",
                                                    "isLinked": false
                                                },
                                                "__globals__": {
                                                    "text_color": "globals\/colors?id=primary",
                                                    "typography_typography": "globals\/typography?id=f500460"
                                                }
                                            },
                                            "elements": [],
                                            "isInner": false,
                                            "widgetType": "text-editor",
                                            "elType": "widget"
                                        }
                                    ],
                                    "isInner": "1",
                                    "elType": "column"
                                },
                                {
                                    "id": "1bdd5e39",
                                    "settings": {
                                        "_column_size": 50,
                                        "_inline_size": 55,
                                        "_inline_size_mobile": 20
                                    },
                                    "elements": [],
                                    "isInner": true,
                                    "elType": "column"
                                }
                            ],
                            "isInner": "1",
                            "elType": "section"
                        },
                        {
                            "id": "2cc4f51c",
                            "settings": {
                                "custom_height_inner": {
                                    "unit": "px",
                                    "size": "250",
                                    "sizes": []
                                },
                                "margin": {
                                    "unit": "px",
                                    "top": "40",
                                    "right": 0,
                                    "bottom": "0",
                                    "left": 0,
                                    "isLinked": false
                                },
                                "overflow": "hidden",
                                "structure": "20"
                            },
                            "elements": [
                                {
                                    "id": "11c090fa",
                                    "settings": {
                                        "_column_size": 50,
                                        "background_color": "#6C7C69",
                                        "padding": {
                                            "unit": "px",
                                            "top": "0",
                                            "right": "0",
                                            "bottom": "0",
                                            "left": "25",
                                            "isLinked": false
                                        },
                                        "padding_mobile": {
                                            "unit": "px",
                                            "top": "0",
                                            "right": "20",
                                            "bottom": "0",
                                            "left": "20",
                                            "isLinked": false
                                        },
                                        "_inline_size": null,
                                        "space_between_widgets": 10
                                    },
                                    "elements": [
                                        {
                                            "id": "bf98258",
                                            "settings": {
                                                "title": "Join our newsletter",
                                                "header_size": "h5",
                                                "_margin": {
                                                    "unit": "px",
                                                    "top": "0",
                                                    "right": "0",
                                                    "bottom": "-5",
                                                    "left": "0",
                                                    "isLinked": false
                                                }
                                            },
                                            "elements": [],
                                            "isInner": false,
                                            "widgetType": "heading",
                                            "elType": "widget"
                                        },
                                        {
                                            "id": "129690ce",
                                            "settings": {
                                                "editor": "<p>Subscribe to recieve latest update &amp; offer!<\/p>",
                                                "__globals__": {
                                                    "typography_typography": "globals\/typography?id=f500460",
                                                    "text_color": "globals\/colors?id=08fcc9d"
                                                }
                                            },
                                            "elements": [],
                                            "isInner": false,
                                            "widgetType": "text-editor",
                                            "elType": "widget"
                                        },
                                        {
                                            "id": "3709c51e",
                                            "settings": {
                                                "form_name": "Newsletter",
                                                "form_fields": [
                                                    {
                                                        "custom_id": "email",
                                                        "field_type": "email",
                                                        "required": "true",
                                                        "field_label": "Email",
                                                        "placeholder": "Enter Your Email..",
                                                        "_id": "dac56d4",
                                                        "width_mobile": "100",
                                                        "rows": "4",
                                                        "file_sizes": "",
                                                        "file_types": "",
                                                        "allow_multiple_upload": "",
                                                        "max_files": "",
                                                        "acceptance_text": "",
                                                        "checked_by_default": "",
                                                        "field_min": "",
                                                        "field_max": "",
                                                        "min_date": "",
                                                        "max_date": "",
                                                        "use_native_date": "",
                                                        "use_native_time": "",
                                                        "previous_button": "",
                                                        "next_button": ""
                                                    }
                                                ],
                                                "show_labels": "",
                                                "step_next_label": "Next",
                                                "step_previous_label": "Previous",
                                                "button_text": "SUBSCRIBE NOW",
                                                "email_content": "[all-fields]",
                                                "email_content_2": "[all-fields]",
                                                "success_message": "The form was sent successfully.",
                                                "error_message": "An error occured.",
                                                "required_field_message": "This field is required.",
                                                "invalid_message": "There's something wrong. The form is invalid.",
                                                "field_background_color": "",
                                                "field_border_radius": {
                                                    "unit": "px",
                                                    "top": "0",
                                                    "right": "0",
                                                    "bottom": "0",
                                                    "left": "0",
                                                    "isLinked": "1"
                                                },
                                                "button_border_width": {
                                                    "unit": "px",
                                                    "top": "0",
                                                    "right": "0",
                                                    "bottom": "1",
                                                    "left": "0",
                                                    "isLinked": ""
                                                },
                                                "button_text_color": "",
                                                "button_hover_color": "",
                                                "button_hover_border_color": "#000000",
                                                "button_text_padding": {
                                                    "unit": "px",
                                                    "top": "",
                                                    "right": "",
                                                    "bottom": "",
                                                    "left": "",
                                                    "isLinked": "1"
                                                },
                                                "_margin": {
                                                    "unit": "%",
                                                    "top": "",
                                                    "right": "",
                                                    "bottom": "",
                                                    "left": "",
                                                    "isLinked": "1"
                                                },
                                                "_padding": {
                                                    "unit": "%",
                                                    "top": "",
                                                    "right": "",
                                                    "bottom": "",
                                                    "left": "",
                                                    "isLinked": "1"
                                                },
                                                "button_border_color": "#6C7C69",
                                                "success_message_color": "#000000",
                                                "error_message_color": "#6C7C69",
                                                "button_width_mobile": "100",
                                                "field_typography_font_family": "Helvetica",
                                                "field_typography_font_size": {
                                                    "unit": "px",
                                                    "size": "14",
                                                    "sizes": []
                                                },
                                                "field_typography_font_weight": "300",
                                                "field_border_color": "#6C7C69",
                                                "button_typography_font_family": "Helvetica",
                                                "button_typography_font_size": {
                                                    "unit": "px",
                                                    "size": "14",
                                                    "sizes": []
                                                },
                                                "button_typography_font_weight": "700",
                                                "button_typography_text_transform": "capitalize",
                                                "button_border_radius": {
                                                    "unit": "px",
                                                    "top": "",
                                                    "right": "",
                                                    "bottom": "",
                                                    "left": "",
                                                    "isLinked": "1"
                                                },
                                                "message_typography_typography": "custom",
                                                "message_typography_font_family": "Helvetica",
                                                "message_typography_font_size": {
                                                    "unit": "px",
                                                    "size": "14",
                                                    "sizes": []
                                                },
                                                "message_typography_font_weight": "300",
                                                "previous_button_text_color": "",
                                                "previous_button_text_color_hover": ""
                                            },
                                            "elements": [],
                                            "isInner": false,
                                            "widgetType": "form",
                                            "elType": "widget"
                                        }
                                    ],
                                    "isInner": "1",
                                    "elType": "column"
                                },
                                {
                                    "id": "13df70de",
                                    "settings": {
                                        "_column_size": 50,
                                        "_inline_size": null
                                    },
                                    "elements": [],
                                    "isInner": true,
                                    "elType": "column"
                                }
                            ],
                            "isInner": "1",
                            "elType": "section"
                        }
                    ],
                    "isInner": "",
                    "elType": "column"
                }
            ],
            "isInner": "",
            "elType": "section"
        }
    ],
    "page_settings": {
        "entrance_animation": "fadeIn",
        "exit_animation": "none",
        "entrance_animation_duration": {
            "unit": "px",
            "size": 0.8,
            "sizes": []
        },
        "width": {
            "unit": "px",
            "size": 650,
            "sizes": []
        },
        "box_shadow_box_shadow": {
            "horizontal": 2,
            "vertical": 8,
            "blur": 25,
            "spread": 3,
            "color": "rgba(0, 0, 0, 0.12)"
        },
        "overlay_background_color": "#FFFFFFB5",
        "close_button_vertical": {
            "unit": "px",
            "size": 15,
            "sizes": []
        },
        "close_button_horizontal": {
            "unit": "px",
            "size": 15,
            "sizes": []
        },
        "close_button_color": "#FFFFFF",
        "icon_size": {
            "unit": "px",
            "size": 18,
            "sizes": []
        },
        "width_mobile": {
            "unit": "px",
            "size": 300,
            "sizes": []
        },
        "close_button_vertical_tablet": {
            "unit": "px",
            "size": "",
            "sizes": []
        },
        "close_button_vertical_mobile": {
            "unit": "px",
            "size": "",
            "sizes": []
        },
        "close_button_horizontal_tablet": {
            "unit": "px",
            "size": "",
            "sizes": []
        },
        "close_button_horizontal_mobile": {
            "unit": "px",
            "size": "",
            "sizes": []
        },
        "__globals__": {
            "overlay_background_color": "",
            "close_button_background_color": "",
            "close_button_color": "globals\/colors?id=text"
        }
    }
}