{
    "version": "0.4",
    "title": "Search Results",
    "type": "search-results",
    "metadata": {
        "template_type": "archive-search",
        "include_in_zip": "1",
        "elementor_pro_required": "1",
        "elementor_library_type": "search-results",
        "elementor_pro_conditions": [
            "include\/archive\/search"
        ],
        "additional_template_information": [
            "This is a \"Search Results\" template for Elementor Pro.",
            "This template will display on: Search Results."
        ],
        "wp_page_template": "default"
    },
    "content": [
        {
            "id": "13bc93e7",
            "settings": {
                "background_background": "classic",
                "background_image": {
                    "id": 992,
                    "url": "https:\/\/demo.bosathemes.com\/fashionable\/wp-content\/uploads\/sites\/19\/2021\/12\/fashion-img22.jpg",
                    "alt": "",
                    "source": "library"
                },
                "background_position": "center center",
                "background_repeat": "no-repeat",
                "background_size": "cover",
                "background_overlay_background": "gradient",
                "_title": "inner-banner",
                "margin": {
                    "unit": "px",
                    "top": "0",
                    "right": 0,
                    "bottom": "110",
                    "left": 0,
                    "isLinked": false
                },
                "padding": {
                    "unit": "px",
                    "top": "0",
                    "right": "15",
                    "bottom": "0",
                    "left": "15",
                    "isLinked": false
                },
                "__globals__": {
                    "background_overlay_color": ""
                },
                "gap": "no",
                "height": "min-height",
                "custom_height_mobile": {
                    "unit": "px",
                    "size": 320,
                    "sizes": []
                },
                "content_position": "middle",
                "background_overlay_color": "#FFFFFF",
                "margin_tablet": {
                    "unit": "px",
                    "top": "",
                    "right": 0,
                    "bottom": "",
                    "left": 0,
                    "isLinked": true
                },
                "margin_mobile": {
                    "unit": "px",
                    "top": "0",
                    "right": 0,
                    "bottom": "100",
                    "left": 0,
                    "isLinked": false
                },
                "background_overlay_color_stop": {
                    "unit": "%",
                    "size": 60,
                    "sizes": []
                },
                "background_overlay_color_b": "#F2295B00",
                "background_overlay_gradient_angle": {
                    "unit": "deg",
                    "size": 90,
                    "sizes": []
                },
                "background_overlay_opacity": {
                    "unit": "px",
                    "size": 0.65,
                    "sizes": []
                }
            },
            "elements": [
                {
                    "id": "6e7494e5",
                    "settings": {
                        "_column_size": 100,
                        "_inline_size": null,
                        "background_background": "classic",
                        "background_position": "initial",
                        "background_position_tablet": "initial",
                        "background_position_mobile": "initial",
                        "background_xpos": {
                            "unit": "%",
                            "size": 100,
                            "sizes": []
                        },
                        "background_xpos_tablet": {
                            "unit": "%",
                            "size": 100,
                            "sizes": []
                        },
                        "background_xpos_mobile": {
                            "unit": "%",
                            "size": 100,
                            "sizes": []
                        },
                        "background_ypos": {
                            "unit": "%",
                            "size": 50,
                            "sizes": []
                        },
                        "background_ypos_tablet": {
                            "unit": "px",
                            "size": 85,
                            "sizes": []
                        },
                        "background_ypos_mobile": {
                            "unit": "%",
                            "size": 85,
                            "sizes": []
                        },
                        "background_repeat": "no-repeat",
                        "background_size": "initial",
                        "background_size_mobile": "initial",
                        "background_bg_width": {
                            "unit": "%",
                            "size": 36,
                            "sizes": []
                        },
                        "background_bg_width_mobile": {
                            "unit": "%",
                            "size": 40,
                            "sizes": []
                        },
                        "margin_tablet": {
                            "unit": "%",
                            "top": "",
                            "right": "",
                            "bottom": "",
                            "left": "",
                            "isLinked": true
                        }
                    },
                    "elements": [
                        {
                            "id": "45fc77bb",
                            "settings": {
                                "__dynamic__": {
                                    "title": "[elementor-tag id=\"\" name=\"archive-title\" settings=\"%7B%22include_context%22%3A%22yes%22%2C%22before%22%3A%22%22%2C%22after%22%3A%22%22%2C%22fallback%22%3A%22%22%7D\"]"
                                },
                                "title": "Add Your Heading Text Here",
                                "align": "center",
                                "typography_font_family": "Montserrat",
                                "typography_font_size": {
                                    "unit": "px",
                                    "size": 55,
                                    "sizes": []
                                },
                                "typography_font_size_tablet": {
                                    "unit": "px",
                                    "size": 45,
                                    "sizes": []
                                },
                                "typography_font_size_mobile": {
                                    "unit": "px",
                                    "size": 35,
                                    "sizes": []
                                },
                                "typography_font_weight": "800",
                                "typography_text_transform": "uppercase",
                                "typography_line_height": {
                                    "unit": "em",
                                    "size": 1.1,
                                    "sizes": []
                                },
                                "__globals__": {
                                    "title_color": "globals\/colors?id=f06adda"
                                }
                            },
                            "elements": [],
                            "isInner": false,
                            "widgetType": "theme-archive-title",
                            "elType": "widget"
                        }
                    ],
                    "isInner": false,
                    "elType": "column"
                }
            ],
            "isInner": false,
            "elType": "section"
        },
        {
            "id": "4f60f13b",
            "settings": {
                "margin": {
                    "unit": "px",
                    "top": "0",
                    "right": 0,
                    "bottom": "110",
                    "left": 0,
                    "isLinked": false
                },
                "margin_tablet": {
                    "unit": "px",
                    "top": "",
                    "right": 0,
                    "bottom": "",
                    "left": 0,
                    "isLinked": "1"
                },
                "_title": "Search results",
                "_timestamp_": "v1M3VsZFBTM3oyc3ZzczhTUkMxTkptQT09",
                "gap": "no",
                "padding": {
                    "unit": "px",
                    "top": "0",
                    "right": "15",
                    "bottom": "0",
                    "left": "15",
                    "isLinked": false
                },
                "margin_mobile": {
                    "unit": "px",
                    "top": "0",
                    "right": 0,
                    "bottom": "100",
                    "left": 0,
                    "isLinked": false
                }
            },
            "elements": [
                {
                    "id": "59d7c413",
                    "settings": {
                        "_column_size": "100"
                    },
                    "elements": [
                        {
                            "id": "7b201367",
                            "settings": {
                                "archive_classic_thumbnail_size_size": "full",
                                "archive_classic_item_ratio": {
                                    "unit": "px",
                                    "size": 0.6,
                                    "sizes": []
                                },
                                "archive_classic_title_tag": "h5",
                                "archive_classic_meta_data": [
                                    "author",
                                    "date",
                                    "comments"
                                ],
                                "archive_classic_meta_separator": "|",
                                "archive_classic_read_more_text": "Read More",
                                "archive_cards_meta_separator": "\u2022",
                                "archive_cards_read_more_text": "Read More \u00bb",
                                "archive_full_content_meta_separator": "\/\/\/",
                                "archive_classic_column_gap": {
                                    "unit": "px",
                                    "size": 35,
                                    "sizes": []
                                },
                                "archive_classic_row_gap": {
                                    "unit": "px",
                                    "size": 42,
                                    "sizes": []
                                },
                                "archive_classic_title_spacing": {
                                    "unit": "px",
                                    "size": 10,
                                    "sizes": []
                                },
                                "archive_classic_excerpt_spacing": {
                                    "unit": "px",
                                    "size": 15,
                                    "sizes": []
                                },
                                "pagination_type": "numbers_and_prev_next",
                                "pagination_page_limit": "12",
                                "pagination_prev_label": "&laquo; Previous",
                                "pagination_next_label": "Next &raquo;",
                                "nothing_found_message": "It seems we can't find what you're looking for.",
                                "nothing_found_typography_font_family": "Poppins",
                                "nothing_found_typography_font_size": {
                                    "unit": "px",
                                    "size": 16,
                                    "sizes": []
                                },
                                "nothing_found_typography_font_weight": "normal",
                                "nothing_found_typography_line_height": {
                                    "unit": "em",
                                    "size": 1.5,
                                    "sizes": []
                                },
                                "__globals__": {
                                    "archive_classic_title_typography_typography": "globals\/typography?id=61eed76",
                                    "archive_classic_meta_typography_typography": "globals\/typography?id=f4610bb",
                                    "archive_classic_meta_color": "globals\/colors?id=d345fd2",
                                    "archive_classic_meta_separator_color": "globals\/colors?id=57a29b1",
                                    "archive_classic_read_more_typography_typography": "globals\/typography?id=ba6914a",
                                    "archive_classic_excerpt_typography_typography": "globals\/typography?id=f500460",
                                    "archive_classic_read_more_color": "globals\/colors?id=accent",
                                    "archive_classic_excerpt_color": "globals\/colors?id=08fcc9d",
                                    "archive_classic_title_color": "globals\/colors?id=e5e9561",
                                    "pagination_color": "globals\/colors?id=08fcc9d",
                                    "pagination_hover_color": "globals\/colors?id=fc28385",
                                    "pagination_active_color": "globals\/colors?id=fc28385",
                                    "pagination_typography_typography": "globals\/typography?id=f500460"
                                },
                                "archive_classic_image_spacing": {
                                    "unit": "px",
                                    "size": 30,
                                    "sizes": []
                                },
                                "archive_classic_thumbnail": "none",
                                "pagination_spacing": {
                                    "unit": "px",
                                    "size": 12,
                                    "sizes": []
                                },
                                "pagination_spacing_top": {
                                    "unit": "px",
                                    "size": 40,
                                    "sizes": []
                                },
                                "archive_classic_title_color": "#151515",
                                "archive_classic_meta_separator_color": "#D9D9D9",
                                "archive_classic_read_more_color": "#F42478",
                                "pagination_color": "#333333",
                                "pagination_hover_color": "#2C75BA",
                                "pagination_active_color": "#787878",
                                "archive_classic_excerpt_length": 28,
                                "archive_classic_show_read_more": ""
                            },
                            "elements": [],
                            "isInner": false,
                            "widgetType": "archive-posts",
                            "elType": "widget"
                        }
                    ],
                    "isInner": "",
                    "elType": "column"
                }
            ],
            "isInner": "",
            "elType": "section"
        },
        {
            "id": "5558f48e",
            "settings": {
                "custom_height": {
                    "unit": "px",
                    "size": "350",
                    "sizes": []
                },
                "_title": "Form",
                "content_width": {
                    "unit": "px",
                    "size": "600",
                    "sizes": []
                },
                "margin": {
                    "unit": "px",
                    "top": "0",
                    "right": 0,
                    "bottom": "110",
                    "left": 0,
                    "isLinked": ""
                },
                "_timestamp_": "v1M3VsZFBTM3oyc3ZzczhTUkMxTkptQT09",
                "margin_mobile": {
                    "unit": "px",
                    "top": "0",
                    "right": 0,
                    "bottom": "100",
                    "left": 0,
                    "isLinked": false
                },
                "gap": "no",
                "padding": {
                    "unit": "px",
                    "top": "0",
                    "right": "15",
                    "bottom": "0",
                    "left": "15",
                    "isLinked": false
                }
            },
            "elements": [
                {
                    "id": "165501a5",
                    "settings": {
                        "_column_size": "100",
                        "space_between_widgets": 18
                    },
                    "elements": [
                        {
                            "id": "68b6bc16",
                            "settings": {
                                "title": "Didn't find what you are looking for?",
                                "header_size": "h6",
                                "typography_font_size": {
                                    "unit": "px",
                                    "size": 16
                                },
                                "typography_font_weight": "normal",
                                "align": "center",
                                "typography_font_size_mobile": {
                                    "unit": "px",
                                    "size": 16
                                },
                                "typography_line_height_mobile": {
                                    "unit": "px",
                                    "size": 25
                                },
                                "typography_font_family": "Poppins",
                                "typography_line_height": {
                                    "unit": "em",
                                    "size": 1.5,
                                    "sizes": []
                                },
                                "__globals__": {
                                    "title_color": "globals\/colors?id=primary"
                                }
                            },
                            "elements": [],
                            "isInner": false,
                            "widgetType": "heading",
                            "elType": "widget"
                        },
                        {
                            "id": "63de95c3",
                            "settings": {
                                "title": "Search Again !!",
                                "align": "center",
                                "typography_font_family": "Cinzel",
                                "typography_font_size": {
                                    "unit": "px",
                                    "size": 62,
                                    "sizes": []
                                },
                                "typography_font_weight": "normal",
                                "typography_line_height": {
                                    "unit": "em",
                                    "size": 1.1,
                                    "sizes": []
                                },
                                "_border_color": "#d3b574",
                                "typography_font_size_mobile": {
                                    "unit": "px",
                                    "size": 38,
                                    "sizes": []
                                },
                                "__globals__": {
                                    "typography_typography": ""
                                },
                                "typography_font_size_tablet": {
                                    "unit": "px",
                                    "size": 55,
                                    "sizes": []
                                }
                            },
                            "elements": [],
                            "isInner": false,
                            "widgetType": "heading",
                            "elType": "widget"
                        },
                        {
                            "id": "323f38e2",
                            "settings": {
                                "placeholder": "Search",
                                "button_text": "Search",
                                "button_border_width": {
                                    "unit": "px",
                                    "top": "0",
                                    "right": "0",
                                    "bottom": "0",
                                    "left": "0",
                                    "isLinked": true
                                },
                                "border_radius": {
                                    "unit": "px",
                                    "size": 0
                                },
                                "__globals__": {
                                    "input_border_color": "",
                                    "button_background_color": "globals\/colors?id=f06adda",
                                    "button_background_color_hover": "globals\/colors?id=fc28385",
                                    "input_background_color": "",
                                    "input_border_color_focus": "globals\/colors?id=08fcc9d",
                                    "button_text_color": "globals\/colors?id=21bfb04",
                                    "button_text_color_hover": "globals\/colors?id=21bfb04",
                                    "input_typography_typography": "globals\/typography?id=f500460",
                                    "input_text_color": "globals\/colors?id=text"
                                },
                                "button_background_color": "#F42478",
                                "button_background_color_hover": "#2C75BA",
                                "input_border_color_focus": "#787878",
                                "button_text_color": "#FFFFFF",
                                "button_text_color_hover": "#FFFFFF",
                                "_margin": {
                                    "unit": "px",
                                    "top": "20",
                                    "right": "0",
                                    "bottom": "0",
                                    "left": "0",
                                    "isLinked": false
                                },
                                "input_typography_typography": "custom",
                                "input_typography_font_family": "Jost",
                                "input_typography_font_size": {
                                    "unit": "px",
                                    "size": 16,
                                    "sizes": []
                                },
                                "input_typography_font_size_mobile": {
                                    "unit": "px",
                                    "size": 14,
                                    "sizes": []
                                },
                                "input_typography_font_weight": "normal",
                                "input_typography_line_height": {
                                    "unit": "em",
                                    "size": 1.5,
                                    "sizes": []
                                },
                                "input_typography_word_spacing": {
                                    "unit": "em",
                                    "size": "",
                                    "sizes": []
                                },
                                "input_text_color": "#414141"
                            },
                            "elements": [],
                            "isInner": false,
                            "widgetType": "search-form",
                            "elType": "widget"
                        }
                    ],
                    "isInner": "",
                    "elType": "column"
                }
            ],
            "isInner": "",
            "elType": "section"
        }
    ]
}