{
    "version": "0.4",
    "title": "Shop",
    "type": "product-archive",
    "metadata": {
        "template_type": "archive-product",
        "include_in_zip": "1",
        "elementor_pro_required": "1",
        "elementor_library_type": "product-archive",
        "elementor_pro_conditions": [
            "include\/product_archive"
        ],
        "additional_template_information": [
            "This is a \"Product Archive\" template for Elementor Pro.",
            "This template will display on: All Product Archives."
        ],
        "wp_page_template": "default"
    },
    "content": [
        {
            "id": "716c1713",
            "settings": {
                "background_background": "classic",
                "background_image": {
                    "id": 992,
                    "url": "https:\/\/demo.bosathemes.com\/fashionable\/wp-content\/uploads\/sites\/19\/2021\/12\/fashion-img22.jpg",
                    "alt": "",
                    "source": "library"
                },
                "background_position": "center center",
                "background_repeat": "no-repeat",
                "background_size": "cover",
                "background_overlay_background": "gradient",
                "margin": {
                    "unit": "px",
                    "top": "0",
                    "right": 0,
                    "bottom": "110",
                    "left": 0,
                    "isLinked": false
                },
                "padding": {
                    "unit": "px",
                    "top": "0",
                    "right": "15",
                    "bottom": "0",
                    "left": "15",
                    "isLinked": false
                },
                "__globals__": {
                    "background_overlay_color": ""
                },
                "gap": "no",
                "height": "min-height",
                "custom_height_mobile": {
                    "unit": "px",
                    "size": 320,
                    "sizes": []
                },
                "content_position": "middle",
                "background_overlay_color": "#FFFFFF",
                "margin_tablet": {
                    "unit": "px",
                    "top": "",
                    "right": 0,
                    "bottom": "",
                    "left": 0,
                    "isLinked": true
                },
                "margin_mobile": {
                    "unit": "px",
                    "top": "0",
                    "right": 0,
                    "bottom": "100",
                    "left": 0,
                    "isLinked": false
                },
                "_title": "inner-banner",
                "background_overlay_color_stop": {
                    "unit": "%",
                    "size": 60,
                    "sizes": []
                },
                "background_overlay_color_b": "#F2295B00",
                "background_overlay_gradient_angle": {
                    "unit": "deg",
                    "size": 90,
                    "sizes": []
                },
                "background_overlay_opacity": {
                    "unit": "px",
                    "size": 0.65,
                    "sizes": []
                }
            },
            "elements": [
                {
                    "id": "5ecb3e86",
                    "settings": {
                        "_column_size": 100,
                        "_inline_size": null,
                        "background_position": "initial",
                        "background_position_tablet": "initial",
                        "background_position_mobile": "initial",
                        "background_xpos": {
                            "unit": "%",
                            "size": 100,
                            "sizes": []
                        },
                        "background_xpos_tablet": {
                            "unit": "%",
                            "size": 100,
                            "sizes": []
                        },
                        "background_xpos_mobile": {
                            "unit": "%",
                            "size": 100,
                            "sizes": []
                        },
                        "background_ypos": {
                            "unit": "%",
                            "size": 50,
                            "sizes": []
                        },
                        "background_ypos_tablet": {
                            "unit": "px",
                            "size": 85,
                            "sizes": []
                        },
                        "background_ypos_mobile": {
                            "unit": "%",
                            "size": 85,
                            "sizes": []
                        },
                        "background_repeat": "no-repeat",
                        "background_size": "initial",
                        "background_size_mobile": "initial",
                        "background_bg_width": {
                            "unit": "%",
                            "size": 36,
                            "sizes": []
                        },
                        "background_bg_width_mobile": {
                            "unit": "%",
                            "size": 40,
                            "sizes": []
                        },
                        "margin_tablet": {
                            "unit": "%",
                            "top": "",
                            "right": "",
                            "bottom": "",
                            "left": "",
                            "isLinked": true
                        },
                        "background_background": "classic"
                    },
                    "elements": [
                        {
                            "id": "a5343d8",
                            "settings": {
                                "__dynamic__": {
                                    "title": "[elementor-tag id=\"\" name=\"archive-title\" settings=\"%7B%22include_context%22%3A%22yes%22%2C%22before%22%3A%22%22%2C%22after%22%3A%22%22%2C%22fallback%22%3A%22%22%7D\"]"
                                },
                                "title": "Add Your Heading Text Here",
                                "align": "center",
                                "typography_font_family": "Montserrat",
                                "typography_font_size": {
                                    "unit": "px",
                                    "size": 55,
                                    "sizes": []
                                },
                                "typography_font_size_tablet": {
                                    "unit": "px",
                                    "size": 45,
                                    "sizes": []
                                },
                                "typography_font_size_mobile": {
                                    "unit": "px",
                                    "size": 35,
                                    "sizes": []
                                },
                                "typography_font_weight": "800",
                                "typography_text_transform": "uppercase",
                                "typography_line_height": {
                                    "unit": "em",
                                    "size": 1.1,
                                    "sizes": []
                                },
                                "__globals__": {
                                    "title_color": "globals\/colors?id=f06adda"
                                }
                            },
                            "elements": [],
                            "isInner": false,
                            "widgetType": "theme-archive-title",
                            "elType": "widget"
                        }
                    ],
                    "isInner": false,
                    "elType": "column"
                }
            ],
            "isInner": false,
            "elType": "section"
        },
        {
            "id": "602e3de1",
            "settings": {
                "padding": {
                    "unit": "px",
                    "top": "0",
                    "right": "15",
                    "bottom": "0",
                    "left": "15",
                    "isLinked": false
                },
                "_timestamp_": "v1Y2xBcTNienNlMWtUWkpSNyt6NEN5QT09",
                "structure": "20",
                "gap": "no",
                "_title": "Product section",
                "margin": {
                    "unit": "px",
                    "top": "0",
                    "right": 0,
                    "bottom": "110",
                    "left": 0,
                    "isLinked": false
                },
                "margin_mobile": {
                    "unit": "px",
                    "top": "0",
                    "right": 0,
                    "bottom": "100",
                    "left": 0,
                    "isLinked": false
                }
            },
            "elements": [
                {
                    "id": "519907aa",
                    "settings": {
                        "_column_size": 50,
                        "_inline_size": 65,
                        "_inline_size_tablet": 100,
                        "padding_tablet": {
                            "unit": "px",
                            "top": "0",
                            "right": "0",
                            "bottom": "80",
                            "left": "0",
                            "isLinked": false
                        }
                    },
                    "elements": [
                        {
                            "id": "1aa4bc08",
                            "settings": {
                                "column_gap": {
                                    "unit": "px",
                                    "size": 40
                                },
                                "row_gap": {
                                    "unit": "px",
                                    "size": 50
                                },
                                "align": "center",
                                "image_border_width": {
                                    "unit": "px",
                                    "top": "1",
                                    "right": "1",
                                    "bottom": "1",
                                    "left": "1",
                                    "isLinked": true
                                },
                                "image_spacing": {
                                    "unit": "px",
                                    "size": 15
                                },
                                "title_spacing": {
                                    "unit": "px",
                                    "size": 5
                                },
                                "star_color": "#F42478",
                                "star_size": {
                                    "unit": "em",
                                    "size": 0.8
                                },
                                "price_color": "#F42478",
                                "old_price_color": "#787878",
                                "button_background_color": "#F4247800",
                                "button_border_width": {
                                    "unit": "px",
                                    "top": "0",
                                    "right": "0",
                                    "bottom": "1",
                                    "left": "0",
                                    "isLinked": false
                                },
                                "button_border_radius": {
                                    "unit": "px",
                                    "top": "0",
                                    "right": "0",
                                    "bottom": "0",
                                    "left": "0",
                                    "isLinked": true
                                },
                                "button_spacing": {
                                    "unit": "px",
                                    "size": 10
                                },
                                "nothing_found_message": "It seems we can't find what you're looking for.",
                                "title_color": "#414141",
                                "box_shadow_box_shadow": {
                                    "horizontal": 0,
                                    "vertical": 0,
                                    "blur": 13,
                                    "spread": -4,
                                    "color": "rgba(0, 0, 0, 0.15)"
                                },
                                "onsale_text_background_color": "#F42478",
                                "onsale_border_radius": {
                                    "unit": "px",
                                    "size": 0,
                                    "sizes": []
                                },
                                "onsale_width": {
                                    "unit": "px",
                                    "size": 60,
                                    "sizes": []
                                },
                                "onsale_height": {
                                    "unit": "px",
                                    "size": 30,
                                    "sizes": []
                                },
                                "onsale_horizontal_position": "right",
                                "onsale_distance": {
                                    "unit": "px",
                                    "size": 8,
                                    "sizes": []
                                },
                                "__globals__": {
                                    "title_typography_typography": "globals\/typography?id=61eed76",
                                    "title_color": "globals\/colors?id=text",
                                    "old_price_color": "globals\/colors?id=08fcc9d",
                                    "price_color": "globals\/colors?id=primary",
                                    "star_color": "globals\/colors?id=primary",
                                    "price_typography_typography": "globals\/typography?id=61eed76",
                                    "old_price_typography_typography": "globals\/typography?id=61eed76",
                                    "button_background_color": "",
                                    "button_typography_typography": "globals\/typography?id=f95c007",
                                    "button_hover_background_color": "",
                                    "onsale_text_background_color": "globals\/colors?id=primary",
                                    "onsale_typography_typography": "globals\/typography?id=f95c007",
                                    "pagination_typography_typography": "globals\/typography?id=f500460",
                                    "pagination_link_bg_color_hover": "globals\/colors?id=primary",
                                    "pagination_link_bg_color_active": "globals\/colors?id=primary",
                                    "pagination_link_color": "globals\/colors?id=text",
                                    "pagination_link_bg_color": "globals\/colors?id=ad41708",
                                    "nothing_found_typography_typography": "",
                                    "nothing_found_color": "globals\/colors?id=08fcc9d",
                                    "view_cart_color": "globals\/colors?id=accent",
                                    "view_cart_typography_typography": "globals\/typography?id=ba6914a",
                                    "button_text_color": "globals\/colors?id=text",
                                    "pagination_link_color_hover": "globals\/colors?id=21bfb04",
                                    "pagination_link_color_active": "globals\/colors?id=21bfb04",
                                    "pagination_border_color": "",
                                    "button_border_color": "globals\/colors?id=57a29b1",
                                    "button_hover_color": "globals\/colors?id=fc28385"
                                },
                                "pagination_spacing": {
                                    "unit": "px",
                                    "size": 60,
                                    "sizes": []
                                },
                                "pagination_padding": {
                                    "unit": "px",
                                    "size": 15,
                                    "sizes": []
                                },
                                "pagination_link_color_hover": "#FFFFFF",
                                "pagination_link_bg_color_hover": "#F42478",
                                "pagination_link_color_active": "#FFFFFF",
                                "pagination_link_bg_color_active": "#F42478",
                                "column_gap_mobile": {
                                    "unit": "px",
                                    "size": 15,
                                    "sizes": []
                                },
                                "row_gap_mobile": {
                                    "unit": "px",
                                    "size": 15,
                                    "sizes": []
                                },
                                "pagination_link_bg_color": "#F8F8F8",
                                "nothing_found_color": "#787878",
                                "pagination_link_color": "#414141",
                                "nothing_found_typography_font_family": "Prompt",
                                "nothing_found_typography_font_size": {
                                    "unit": "px",
                                    "size": 16,
                                    "sizes": []
                                },
                                "nothing_found_typography_font_weight": "normal",
                                "nothing_found_typography_line_height": {
                                    "unit": "em",
                                    "size": 1.5,
                                    "sizes": []
                                },
                                "rating_spacing": {
                                    "unit": "px",
                                    "size": 16,
                                    "sizes": []
                                },
                                "button_text_color": "#414141",
                                "view_cart_color": "#F42478",
                                "show_pagination_border": "",
                                "title_typography_typography": "custom",
                                "title_typography_font_family": "Cinzel",
                                "title_typography_font_size": {
                                    "unit": "px",
                                    "size": 22,
                                    "sizes": []
                                },
                                "title_typography_font_size_mobile": {
                                    "unit": "px",
                                    "size": 19,
                                    "sizes": []
                                },
                                "title_typography_font_weight": "500",
                                "title_typography_line_height": {
                                    "unit": "em",
                                    "size": 1.1,
                                    "sizes": []
                                },
                                "title_typography_word_spacing": {
                                    "unit": "em",
                                    "size": "",
                                    "sizes": []
                                },
                                "price_typography_typography": "custom",
                                "price_typography_font_family": "Cinzel",
                                "price_typography_font_size": {
                                    "unit": "px",
                                    "size": 22,
                                    "sizes": []
                                },
                                "price_typography_font_size_mobile": {
                                    "unit": "px",
                                    "size": 19,
                                    "sizes": []
                                },
                                "price_typography_font_weight": "500",
                                "price_typography_line_height": {
                                    "unit": "em",
                                    "size": 1.1,
                                    "sizes": []
                                },
                                "price_typography_word_spacing": {
                                    "unit": "em",
                                    "size": "",
                                    "sizes": []
                                },
                                "old_price_typography_typography": "custom",
                                "old_price_typography_font_family": "Cinzel",
                                "old_price_typography_font_size": {
                                    "unit": "px",
                                    "size": 22,
                                    "sizes": []
                                },
                                "old_price_typography_font_size_mobile": {
                                    "unit": "px",
                                    "size": 19,
                                    "sizes": []
                                },
                                "old_price_typography_font_weight": "500",
                                "old_price_typography_line_height": {
                                    "unit": "em",
                                    "size": 1.1,
                                    "sizes": []
                                },
                                "old_price_typography_word_spacing": {
                                    "unit": "em",
                                    "size": "",
                                    "sizes": []
                                },
                                "button_border_color": "#A7A7A7",
                                "button_typography_typography": "custom",
                                "button_typography_font_family": "Jost",
                                "button_typography_font_size": {
                                    "unit": "px",
                                    "size": 14,
                                    "sizes": []
                                },
                                "button_typography_font_weight": "normal",
                                "button_typography_text_transform": "uppercase",
                                "button_typography_line_height": {
                                    "unit": "em",
                                    "size": 1.1,
                                    "sizes": []
                                },
                                "button_typography_word_spacing": {
                                    "unit": "em",
                                    "size": "",
                                    "sizes": []
                                },
                                "button_hover_color": "#2C75BA",
                                "button_border_border": "solid",
                                "button_text_padding": {
                                    "unit": "px",
                                    "top": "0",
                                    "right": "0",
                                    "bottom": "2",
                                    "left": "0",
                                    "isLinked": false
                                },
                                "view_cart_typography_typography": "custom",
                                "view_cart_typography_font_family": "Jost",
                                "view_cart_typography_font_size": {
                                    "unit": "px",
                                    "size": 16,
                                    "sizes": []
                                },
                                "view_cart_typography_font_size_mobile": {
                                    "unit": "px",
                                    "size": 15,
                                    "sizes": []
                                },
                                "view_cart_typography_font_weight": "normal",
                                "view_cart_typography_line_height": {
                                    "unit": "em",
                                    "size": 1.2,
                                    "sizes": []
                                },
                                "view_cart_typography_word_spacing": {
                                    "unit": "em",
                                    "size": "",
                                    "sizes": []
                                },
                                "pagination_typography_typography": "custom",
                                "pagination_typography_font_family": "Jost",
                                "pagination_typography_font_size": {
                                    "unit": "px",
                                    "size": 16,
                                    "sizes": []
                                },
                                "pagination_typography_font_size_mobile": {
                                    "unit": "px",
                                    "size": 14,
                                    "sizes": []
                                },
                                "pagination_typography_font_weight": "normal",
                                "pagination_typography_line_height": {
                                    "unit": "em",
                                    "size": 1.5,
                                    "sizes": []
                                },
                                "pagination_typography_word_spacing": {
                                    "unit": "em",
                                    "size": "",
                                    "sizes": []
                                },
                                "onsale_typography_typography": "custom",
                                "onsale_typography_font_family": "Jost",
                                "onsale_typography_font_size": {
                                    "unit": "px",
                                    "size": 16,
                                    "sizes": []
                                },
                                "onsale_typography_font_size_mobile": {
                                    "unit": "px",
                                    "size": 14,
                                    "sizes": []
                                },
                                "onsale_typography_font_weight": "normal",
                                "onsale_typography_line_height": {
                                    "unit": "em",
                                    "size": 1.5,
                                    "sizes": []
                                },
                                "onsale_typography_word_spacing": {
                                    "unit": "em",
                                    "size": "",
                                    "sizes": []
                                }
                            },
                            "elements": [],
                            "isInner": false,
                            "widgetType": "wc-archive-products",
                            "elType": "widget"
                        }
                    ],
                    "isInner": false,
                    "elType": "column"
                },
                {
                    "id": "42a5de9f",
                    "settings": {
                        "_column_size": 50,
                        "_inline_size": 35,
                        "padding": {
                            "unit": "px",
                            "top": "0",
                            "right": "0",
                            "bottom": "0",
                            "left": "50",
                            "isLinked": false
                        },
                        "_inline_size_tablet": 100,
                        "padding_tablet": {
                            "unit": "px",
                            "top": "0",
                            "right": "0",
                            "bottom": "0",
                            "left": "0",
                            "isLinked": false
                        }
                    },
                    "elements": [
                        {
                            "id": "78483f3a",
                            "settings": {
                                "placeholder": "Search",
                                "button_text": "Search",
                                "border_radius": {
                                    "unit": "px",
                                    "size": "",
                                    "sizes": []
                                },
                                "__globals__": {
                                    "input_typography_typography": "globals\/typography?id=f500460",
                                    "input_text_color": "globals\/colors?id=text",
                                    "button_background_color": "globals\/colors?id=f06adda",
                                    "button_background_color_hover": "globals\/colors?id=fc28385"
                                },
                                "_margin": {
                                    "unit": "px",
                                    "top": "0",
                                    "right": "0",
                                    "bottom": "30",
                                    "left": "0",
                                    "isLinked": false
                                }
                            },
                            "elements": [],
                            "isInner": false,
                            "widgetType": "search-form",
                            "elType": "widget"
                        },
                        {
                            "id": "7a4529f8",
                            "settings": {
                                "gap": "no"
                            },
                            "elements": [
                                {
                                    "id": "fcf7894",
                                    "settings": {
                                        "_column_size": 100,
                                        "_inline_size": null,
                                        "margin": {
                                            "unit": "px",
                                            "top": "0",
                                            "right": "0",
                                            "bottom": "50",
                                            "left": "0",
                                            "isLinked": false
                                        },
                                        "align": "center"
                                    },
                                    "elements": [
                                        {
                                            "id": "3a8fc2c5",
                                            "settings": {
                                                "title": "Categories",
                                                "header_size": "h6",
                                                "align": "center",
                                                "typography_font_family": "Montserrat",
                                                "typography_font_size": {
                                                    "unit": "px",
                                                    "size": 15,
                                                    "sizes": []
                                                },
                                                "typography_font_weight": "600",
                                                "typography_text_transform": "uppercase",
                                                "typography_font_size_mobile": {
                                                    "unit": "px",
                                                    "size": 14,
                                                    "sizes": []
                                                },
                                                "_margin": {
                                                    "unit": "px",
                                                    "top": "0",
                                                    "right": "0",
                                                    "bottom": "35",
                                                    "left": "0",
                                                    "isLinked": false
                                                },
                                                "_padding": {
                                                    "unit": "px",
                                                    "top": "5",
                                                    "right": "15",
                                                    "bottom": "5",
                                                    "left": "15",
                                                    "isLinked": false
                                                },
                                                "_border_border": "solid",
                                                "_border_width": {
                                                    "unit": "px",
                                                    "top": "1",
                                                    "right": "1",
                                                    "bottom": "1",
                                                    "left": "1",
                                                    "isLinked": true
                                                },
                                                "align_tablet": "center",
                                                "__globals__": {
                                                    "title_color": "globals\/colors?id=text",
                                                    "_border_color": "globals\/colors?id=57a29b1"
                                                },
                                                "_element_width": "auto"
                                            },
                                            "elements": [],
                                            "isInner": false,
                                            "widgetType": "heading",
                                            "elType": "widget"
                                        },
                                        {
                                            "id": "5bad911e",
                                            "settings": {
                                                "hide_empty": "yes",
                                                "columns": 3,
                                                "number": 3,
                                                "column_gap": {
                                                    "unit": "px",
                                                    "size": 15,
                                                    "sizes": []
                                                },
                                                "align": "center",
                                                "title_color": "#030F27",
                                                "count_color": "#FD5D14",
                                                "__globals__": {
                                                    "title_color": "globals\/colors?id=e5e9561",
                                                    "title_typography_typography": "globals\/typography?id=f4610bb",
                                                    "count_color": "globals\/colors?id=primary",
                                                    "count_typography_typography": "globals\/typography?id=f4610bb"
                                                },
                                                "columns_mobile": 3
                                            },
                                            "elements": [],
                                            "isInner": false,
                                            "widgetType": "wc-categories",
                                            "elType": "widget"
                                        }
                                    ],
                                    "isInner": true,
                                    "elType": "column"
                                }
                            ],
                            "isInner": true,
                            "elType": "section"
                        },
                        {
                            "id": "3e215ffe",
                            "settings": {
                                "gap": "no"
                            },
                            "elements": [
                                {
                                    "id": "58a785b5",
                                    "settings": {
                                        "_column_size": 100,
                                        "_inline_size": null,
                                        "margin": {
                                            "unit": "px",
                                            "top": "0",
                                            "right": "0",
                                            "bottom": "50",
                                            "left": "0",
                                            "isLinked": false
                                        },
                                        "align": "center"
                                    },
                                    "elements": [
                                        {
                                            "id": "387be909",
                                            "settings": {
                                                "title": "Recent Products",
                                                "header_size": "h6",
                                                "align": "center",
                                                "typography_font_family": "Montserrat",
                                                "typography_font_size": {
                                                    "unit": "px",
                                                    "size": 15,
                                                    "sizes": []
                                                },
                                                "typography_font_weight": "600",
                                                "typography_text_transform": "uppercase",
                                                "typography_font_size_mobile": {
                                                    "unit": "px",
                                                    "size": 14,
                                                    "sizes": []
                                                },
                                                "_margin": {
                                                    "unit": "px",
                                                    "top": "0",
                                                    "right": "0",
                                                    "bottom": "35",
                                                    "left": "0",
                                                    "isLinked": false
                                                },
                                                "_padding": {
                                                    "unit": "px",
                                                    "top": "5",
                                                    "right": "15",
                                                    "bottom": "5",
                                                    "left": "15",
                                                    "isLinked": false
                                                },
                                                "_border_border": "solid",
                                                "_border_width": {
                                                    "unit": "px",
                                                    "top": "1",
                                                    "right": "1",
                                                    "bottom": "1",
                                                    "left": "1",
                                                    "isLinked": true
                                                },
                                                "align_tablet": "center",
                                                "__globals__": {
                                                    "title_color": "globals\/colors?id=text",
                                                    "_border_color": "globals\/colors?id=57a29b1"
                                                },
                                                "_element_width": "auto"
                                            },
                                            "elements": [],
                                            "isInner": false,
                                            "widgetType": "heading",
                                            "elType": "widget"
                                        },
                                        {
                                            "id": "741f1fa6",
                                            "settings": {
                                                "classic_columns": "1",
                                                "classic_posts_per_page": 4,
                                                "classic_thumbnail": "left",
                                                "classic_item_ratio": {
                                                    "unit": "px",
                                                    "size": 1,
                                                    "sizes": []
                                                },
                                                "classic_item_ratio_mobile": {
                                                    "unit": "px",
                                                    "size": 1.2,
                                                    "sizes": []
                                                },
                                                "classic_image_width": {
                                                    "unit": "%",
                                                    "size": 22,
                                                    "sizes": []
                                                },
                                                "classic_show_excerpt": "",
                                                "classic_meta_separator": "|",
                                                "classic_show_read_more": "",
                                                "classic_read_more_text": "Read More \u00bb",
                                                "cards_item_ratio": {
                                                    "unit": "px",
                                                    "size": 0.9,
                                                    "sizes": []
                                                },
                                                "cards_meta_separator": "|",
                                                "cards_read_more_text": "Read More \u00bb",
                                                "cards_show_avatar": "",
                                                "full_content_meta_separator": "\/\/\/",
                                                "posts_order": "asc",
                                                "classic_column_gap": {
                                                    "unit": "px",
                                                    "size": "",
                                                    "sizes": []
                                                },
                                                "classic_row_gap": {
                                                    "unit": "px",
                                                    "size": 15,
                                                    "sizes": []
                                                },
                                                "classic_alignment": "left",
                                                "classic_content_padding": {
                                                    "unit": "px",
                                                    "top": "15",
                                                    "right": "3",
                                                    "bottom": "0",
                                                    "left": "3",
                                                    "isLinked": false
                                                },
                                                "classic_box_shadow_box_shadow": {
                                                    "horizontal": 0,
                                                    "vertical": 0,
                                                    "blur": 20,
                                                    "spread": 0,
                                                    "color": "rgba(0, 0, 0, 0.15)"
                                                },
                                                "classic_title_spacing": {
                                                    "unit": "px",
                                                    "size": 10,
                                                    "sizes": []
                                                },
                                                "classic_meta_spacing": {
                                                    "unit": "px",
                                                    "size": 5,
                                                    "sizes": []
                                                },
                                                "classic_excerpt_color": "#333333",
                                                "classic_excerpt_typography_typography": "custom",
                                                "classic_excerpt_typography_font_family": "Poppins",
                                                "classic_excerpt_typography_font_size": {
                                                    "unit": "px",
                                                    "size": 15,
                                                    "sizes": []
                                                },
                                                "classic_excerpt_typography_line_height": {
                                                    "unit": "em",
                                                    "size": 1.5,
                                                    "sizes": []
                                                },
                                                "classic_excerpt_spacing": {
                                                    "unit": "px",
                                                    "size": 14,
                                                    "sizes": []
                                                },
                                                "classic_read_more_color": "#FD5D14",
                                                "classic_read_more_typography_typography": "custom",
                                                "classic_read_more_typography_font_family": "Montserrat",
                                                "classic_read_more_typography_font_size": {
                                                    "unit": "px",
                                                    "size": 15,
                                                    "sizes": []
                                                },
                                                "classic_read_more_typography_font_weight": "600",
                                                "classic_read_more_typography_text_transform": "uppercase",
                                                "cards_card_border_color": "#FD5D1473",
                                                "cards_card_border_width": {
                                                    "unit": "px",
                                                    "size": 1,
                                                    "sizes": []
                                                },
                                                "cards_card_border_radius": {
                                                    "unit": "px",
                                                    "size": 0,
                                                    "sizes": []
                                                },
                                                "cards_box_shadow_box_shadow_type": "",
                                                "cards_hover_effect": "none",
                                                "cards_image_spacing": {
                                                    "unit": "px",
                                                    "size": 15,
                                                    "sizes": []
                                                },
                                                "cards_badge_bg_color": "#FD5D14",
                                                "cards_badge_color": "#FFFFFF",
                                                "cards_badge_radius": {
                                                    "unit": "px",
                                                    "size": 0,
                                                    "sizes": []
                                                },
                                                "cards_badge_typography_typography": "custom",
                                                "cards_badge_typography_font_family": "Montserrat",
                                                "cards_badge_typography_font_weight": "600",
                                                "cards_badge_typography_text_transform": "uppercase",
                                                "cards_title_color": "#313131",
                                                "cards_title_typography_typography": "custom",
                                                "cards_title_typography_font_family": "Montserrat",
                                                "cards_title_typography_font_size": {
                                                    "unit": "px",
                                                    "size": 18,
                                                    "sizes": []
                                                },
                                                "cards_title_typography_font_weight": "700",
                                                "cards_title_typography_text_transform": "uppercase",
                                                "cards_title_typography_line_height": {
                                                    "unit": "em",
                                                    "size": 1.3,
                                                    "sizes": []
                                                },
                                                "cards_title_spacing": {
                                                    "unit": "px",
                                                    "size": 10,
                                                    "sizes": []
                                                },
                                                "cards_meta_color": "#878787",
                                                "cards_meta_typography_typography": "custom",
                                                "cards_meta_typography_font_family": "Poppins",
                                                "cards_meta_typography_font_size": {
                                                    "unit": "px",
                                                    "size": 13,
                                                    "sizes": []
                                                },
                                                "cards_excerpt_color": "#383838",
                                                "cards_excerpt_typography_typography": "custom",
                                                "cards_excerpt_typography_font_family": "Poppins",
                                                "cards_excerpt_typography_font_size": {
                                                    "unit": "px",
                                                    "size": 15,
                                                    "sizes": []
                                                },
                                                "cards_excerpt_typography_font_weight": "normal",
                                                "cards_excerpt_spacing": {
                                                    "unit": "px",
                                                    "size": 20,
                                                    "sizes": []
                                                },
                                                "pagination_page_limit": "5",
                                                "pagination_prev_label": "&laquo; Previous",
                                                "pagination_next_label": "Next &raquo;",
                                                "pagination_typography_typography": "custom",
                                                "pagination_typography_font_family": "Montserrat",
                                                "pagination_typography_font_size": {
                                                    "unit": "px",
                                                    "size": 16,
                                                    "sizes": []
                                                },
                                                "pagination_typography_font_weight": "700",
                                                "pagination_typography_text_transform": "uppercase",
                                                "pagination_hover_color": "#C33F02",
                                                "pagination_active_color": "#C33F02",
                                                "pagination_spacing": {
                                                    "unit": "px",
                                                    "size": 15,
                                                    "sizes": []
                                                },
                                                "pagination_spacing_top": {
                                                    "unit": "px",
                                                    "size": 44,
                                                    "sizes": []
                                                },
                                                "_margin_tablet": {
                                                    "unit": "px",
                                                    "top": "0",
                                                    "right": "0",
                                                    "bottom": "0",
                                                    "left": "0",
                                                    "isLinked": false
                                                },
                                                "_margin_mobile": {
                                                    "unit": "px",
                                                    "top": "0",
                                                    "right": "0",
                                                    "bottom": "0",
                                                    "left": "0",
                                                    "isLinked": false
                                                },
                                                "classic_image_width_mobile": {
                                                    "unit": "%",
                                                    "size": 25,
                                                    "sizes": []
                                                },
                                                "__globals__": {
                                                    "classic_meta_typography_typography": "globals\/typography?id=f4610bb",
                                                    "classic_meta_color": "",
                                                    "classic_meta_separator_color": "",
                                                    "classic_title_typography_typography": "globals\/typography?id=92b0a2d",
                                                    "classic_title_color": "globals\/colors?id=e5e9561"
                                                },
                                                "classic_title_tag": "h6",
                                                "classic_excerpt_length": 5,
                                                "classic_meta_data": [
                                                    "author",
                                                    "modified"
                                                ],
                                                "posts_post_type": "product",
                                                "posts_include": [],
                                                "classic_image_spacing": {
                                                    "unit": "px",
                                                    "size": 15,
                                                    "sizes": []
                                                },
                                                "classic_title_color": "#151515"
                                            },
                                            "elements": [],
                                            "isInner": false,
                                            "widgetType": "posts",
                                            "elType": "widget"
                                        }
                                    ],
                                    "isInner": true,
                                    "elType": "column"
                                }
                            ],
                            "isInner": true,
                            "elType": "section"
                        },
                        {
                            "id": "c5692ad",
                            "settings": {
                                "gap": "no"
                            },
                            "elements": [
                                {
                                    "id": "27cddac9",
                                    "settings": {
                                        "_column_size": 100,
                                        "_inline_size": null,
                                        "align": "center"
                                    },
                                    "elements": [
                                        {
                                            "id": "779f0a5f",
                                            "settings": {
                                                "title": "Product Gallery",
                                                "header_size": "h6",
                                                "align": "center",
                                                "typography_font_family": "Montserrat",
                                                "typography_font_size": {
                                                    "unit": "px",
                                                    "size": 15,
                                                    "sizes": []
                                                },
                                                "typography_font_weight": "600",
                                                "typography_text_transform": "uppercase",
                                                "typography_font_size_mobile": {
                                                    "unit": "px",
                                                    "size": 14,
                                                    "sizes": []
                                                },
                                                "_margin": {
                                                    "unit": "px",
                                                    "top": "0",
                                                    "right": "0",
                                                    "bottom": "35",
                                                    "left": "0",
                                                    "isLinked": false
                                                },
                                                "_padding": {
                                                    "unit": "px",
                                                    "top": "5",
                                                    "right": "15",
                                                    "bottom": "5",
                                                    "left": "15",
                                                    "isLinked": false
                                                },
                                                "_border_border": "solid",
                                                "_border_width": {
                                                    "unit": "px",
                                                    "top": "1",
                                                    "right": "1",
                                                    "bottom": "1",
                                                    "left": "1",
                                                    "isLinked": true
                                                },
                                                "align_tablet": "center",
                                                "__globals__": {
                                                    "title_color": "globals\/colors?id=text",
                                                    "_border_color": "globals\/colors?id=57a29b1"
                                                },
                                                "_element_width": "auto"
                                            },
                                            "elements": [],
                                            "isInner": false,
                                            "widgetType": "heading",
                                            "elType": "widget"
                                        },
                                        {
                                            "id": "263dd47d",
                                            "settings": {
                                                "galleries": [
                                                    {
                                                        "gallery_title": "New Gallery",
                                                        "_id": "87478bc"
                                                    }
                                                ],
                                                "columns": 3,
                                                "columns_tablet": 6,
                                                "columns_mobile": 3,
                                                "aspect_ratio": "1:1",
                                                "thumbnail_image_size": "thumbnail",
                                                "show_all_galleries_label": "All",
                                                "gallery": [
                                                    {
                                                        "id": 1339,
                                                        "url": "https:\/\/demo.bosathemes.com\/fashionable\/wp-content\/uploads\/sites\/19\/2021\/12\/fashion-product10.jpg"
                                                    },
                                                    {
                                                        "id": 1333,
                                                        "url": "https:\/\/demo.bosathemes.com\/fashionable\/wp-content\/uploads\/sites\/19\/2021\/12\/fashion-product4.jpg"
                                                    },
                                                    {
                                                        "id": 1334,
                                                        "url": "https:\/\/demo.bosathemes.com\/fashionable\/wp-content\/uploads\/sites\/19\/2021\/12\/fashion-product5.jpg"
                                                    },
                                                    {
                                                        "id": 1344,
                                                        "url": "https:\/\/demo.bosathemes.com\/fashionable\/wp-content\/uploads\/sites\/19\/2021\/12\/fashion-product15.jpg"
                                                    },
                                                    {
                                                        "id": 1342,
                                                        "url": "https:\/\/demo.bosathemes.com\/fashionable\/wp-content\/uploads\/sites\/19\/2021\/12\/fashion-product13.jpg"
                                                    },
                                                    {
                                                        "id": 1351,
                                                        "url": "https:\/\/demo.bosathemes.com\/fashionable\/wp-content\/uploads\/sites\/19\/2021\/12\/fashion-product22.jpg"
                                                    }
                                                ]
                                            },
                                            "elements": [],
                                            "isInner": false,
                                            "widgetType": "gallery",
                                            "elType": "widget"
                                        }
                                    ],
                                    "isInner": true,
                                    "elType": "column"
                                }
                            ],
                            "isInner": true,
                            "elType": "section"
                        }
                    ],
                    "isInner": false,
                    "elType": "column"
                }
            ],
            "isInner": false,
            "elType": "section"
        }
    ]
}