{
    "version": "0.4",
    "title": "Single page",
    "type": "single-page",
    "metadata": {
        "template_type": "single-page",
        "include_in_zip": "1",
        "elementor_pro_required": "1",
        "elementor_library_type": "single-page",
        "elementor_pro_conditions": [
            "include\/singular\/page"
        ],
        "additional_template_information": [
            "This is a \"Single Page\" template for Elementor Pro.",
            "This template will display on: Pages."
        ],
        "wp_page_template": "default"
    },
    "content": [
        {
            "id": "4e1cbfdd",
            "settings": {
                "background_background": "classic",
                "background_image": {
                    "id": 992,
                    "url": "https:\/\/demo.bosathemes.com\/fashionable\/wp-content\/uploads\/sites\/19\/2021\/12\/fashion-img22.jpg",
                    "alt": "",
                    "source": "library"
                },
                "background_position": "center center",
                "background_repeat": "no-repeat",
                "background_size": "cover",
                "background_overlay_background": "gradient",
                "_title": "inner-banner",
                "margin": {
                    "unit": "px",
                    "top": "0",
                    "right": 0,
                    "bottom": "110",
                    "left": 0,
                    "isLinked": false
                },
                "padding": {
                    "unit": "px",
                    "top": "0",
                    "right": "15",
                    "bottom": "0",
                    "left": "15",
                    "isLinked": false
                },
                "__globals__": {
                    "background_overlay_color": ""
                },
                "gap": "no",
                "height": "min-height",
                "custom_height_mobile": {
                    "unit": "px",
                    "size": 320,
                    "sizes": []
                },
                "content_position": "middle",
                "background_overlay_color": "#FFFFFF",
                "margin_tablet": {
                    "unit": "px",
                    "top": "",
                    "right": 0,
                    "bottom": "",
                    "left": 0,
                    "isLinked": true
                },
                "margin_mobile": {
                    "unit": "px",
                    "top": "0",
                    "right": 0,
                    "bottom": "100",
                    "left": 0,
                    "isLinked": false
                },
                "background_overlay_color_stop": {
                    "unit": "%",
                    "size": 60,
                    "sizes": []
                },
                "background_overlay_color_b": "#F2295B00",
                "background_overlay_gradient_angle": {
                    "unit": "deg",
                    "size": 90,
                    "sizes": []
                },
                "background_overlay_opacity": {
                    "unit": "px",
                    "size": 0.65,
                    "sizes": []
                }
            },
            "elements": [
                {
                    "id": "6f33d028",
                    "settings": {
                        "_column_size": 100,
                        "_inline_size": null,
                        "background_background": "classic",
                        "background_position": "initial",
                        "background_position_tablet": "initial",
                        "background_position_mobile": "initial",
                        "background_xpos": {
                            "unit": "%",
                            "size": 100,
                            "sizes": []
                        },
                        "background_xpos_tablet": {
                            "unit": "%",
                            "size": 100,
                            "sizes": []
                        },
                        "background_xpos_mobile": {
                            "unit": "%",
                            "size": 100,
                            "sizes": []
                        },
                        "background_ypos": {
                            "unit": "%",
                            "size": 50,
                            "sizes": []
                        },
                        "background_ypos_tablet": {
                            "unit": "px",
                            "size": 85,
                            "sizes": []
                        },
                        "background_ypos_mobile": {
                            "unit": "%",
                            "size": 85,
                            "sizes": []
                        },
                        "background_repeat": "no-repeat",
                        "background_size": "initial",
                        "background_size_mobile": "initial",
                        "background_bg_width": {
                            "unit": "%",
                            "size": 36,
                            "sizes": []
                        },
                        "background_bg_width_mobile": {
                            "unit": "%",
                            "size": 40,
                            "sizes": []
                        },
                        "margin_tablet": {
                            "unit": "%",
                            "top": "",
                            "right": "",
                            "bottom": "",
                            "left": "",
                            "isLinked": true
                        }
                    },
                    "elements": [
                        {
                            "id": "2b5d04cc",
                            "settings": {
                                "__dynamic__": {
                                    "title": "[elementor-tag id=\"\" name=\"post-title\" settings=\"%7B%22before%22%3A%22%22%2C%22after%22%3A%22%22%2C%22fallback%22%3A%22%22%7D\"]"
                                },
                                "title": "Add Your Heading Text Here",
                                "align": "center",
                                "typography_font_family": "Montserrat",
                                "typography_font_size": {
                                    "unit": "px",
                                    "size": 55,
                                    "sizes": []
                                },
                                "typography_font_size_tablet": {
                                    "unit": "px",
                                    "size": 45,
                                    "sizes": []
                                },
                                "typography_font_size_mobile": {
                                    "unit": "px",
                                    "size": 35,
                                    "sizes": []
                                },
                                "typography_font_weight": "800",
                                "typography_text_transform": "uppercase",
                                "typography_line_height": {
                                    "unit": "em",
                                    "size": 1.1,
                                    "sizes": []
                                },
                                "__globals__": {
                                    "title_color": "globals\/colors?id=f06adda"
                                }
                            },
                            "elements": [],
                            "isInner": false,
                            "widgetType": "theme-post-title",
                            "elType": "widget"
                        }
                    ],
                    "isInner": false,
                    "elType": "column"
                }
            ],
            "isInner": false,
            "elType": "section"
        },
        {
            "id": "48eea0f4",
            "settings": {
                "gap": "no",
                "margin": {
                    "unit": "px",
                    "top": "0",
                    "right": 0,
                    "bottom": "110",
                    "left": 0,
                    "isLinked": false
                },
                "margin_tablet": {
                    "unit": "px",
                    "top": "",
                    "right": 0,
                    "bottom": "",
                    "left": 0,
                    "isLinked": true
                },
                "margin_mobile": {
                    "unit": "px",
                    "top": "0",
                    "right": 0,
                    "bottom": "100",
                    "left": 0,
                    "isLinked": false
                },
                "padding": {
                    "unit": "px",
                    "top": "0",
                    "right": "15",
                    "bottom": "0",
                    "left": "15",
                    "isLinked": false
                },
                "_title": "page-content"
            },
            "elements": [
                {
                    "id": "23471848",
                    "settings": {
                        "_column_size": 100,
                        "_inline_size": null,
                        "space_between_widgets": 18,
                        "_inline_size_tablet": 100
                    },
                    "elements": [
                        {
                            "id": "3e3e9341",
                            "settings": {
                                "__dynamic__": {
                                    "image": "[elementor-tag id=\"\" name=\"post-featured-image\" settings=\"%7B%22fallback%22%3A%7B%22url%22%3A%22%22%2C%22id%22%3A%22%22%7D%7D\"]"
                                },
                                "image_size": "full",
                                "width": {
                                    "unit": "%",
                                    "size": 100,
                                    "sizes": []
                                },
                                "image": {
                                    "id": 29,
                                    "url": "https:\/\/demo.bosathemes.com\/fashionable\/wp-content\/uploads\/sites\/19\/2021\/12\/placeholder-3.png"
                                }
                            },
                            "elements": [],
                            "isInner": false,
                            "widgetType": "theme-post-featured-image",
                            "elType": "widget"
                        },
                        {
                            "id": "61d16133",
                            "settings": {
                                "_padding": {
                                    "unit": "px",
                                    "top": "10",
                                    "right": "0",
                                    "bottom": "0",
                                    "left": "0",
                                    "isLinked": false
                                },
                                "__globals__": {
                                    "text_color": "globals\/colors?id=text"
                                }
                            },
                            "elements": [],
                            "isInner": false,
                            "widgetType": "theme-post-content",
                            "elType": "widget"
                        }
                    ],
                    "isInner": false,
                    "elType": "column"
                }
            ],
            "isInner": false,
            "elType": "section"
        }
    ]
}