{
    "version": "0.4",
    "title": "Single product",
    "type": "product",
    "metadata": {
        "template_type": "single-product",
        "include_in_zip": "1",
        "elementor_pro_required": "1",
        "elementor_library_type": "product",
        "elementor_pro_conditions": [
            "include\/product"
        ],
        "additional_template_information": [
            "This is a \"Product\" template for Elementor Pro.",
            "This template will display on: Products."
        ],
        "wp_page_template": "default"
    },
    "content": [
        {
            "id": "2b05f9a0",
            "settings": {
                "gap": "no",
                "padding": {
                    "unit": "px",
                    "top": "110",
                    "right": "15",
                    "bottom": "110",
                    "left": "15",
                    "isLinked": false
                },
                "_title": "Product-detail",
                "background_background": "classic",
                "margin": {
                    "unit": "px",
                    "top": "0",
                    "right": 0,
                    "bottom": "110",
                    "left": 0,
                    "isLinked": false
                },
                "margin_mobile": {
                    "unit": "px",
                    "top": "0",
                    "right": 0,
                    "bottom": "100",
                    "left": 0,
                    "isLinked": false
                },
                "padding_mobile": {
                    "unit": "px",
                    "top": "100",
                    "right": "15",
                    "bottom": "100",
                    "left": "15",
                    "isLinked": false
                },
                "__globals__": {
                    "background_color": "globals\/colors?id=ad41708"
                }
            },
            "elements": [
                {
                    "id": "297fc22d",
                    "settings": {
                        "_column_size": 100,
                        "_inline_size": null,
                        "_inline_size_tablet": 100
                    },
                    "elements": [
                        {
                            "id": "170304f8",
                            "settings": {
                                "gap": "no",
                                "structure": "20",
                                "margin": {
                                    "unit": "px",
                                    "top": "",
                                    "right": 0,
                                    "bottom": "",
                                    "left": 0,
                                    "isLinked": true
                                },
                                "margin_tablet": {
                                    "unit": "px",
                                    "top": "",
                                    "right": 0,
                                    "bottom": "",
                                    "left": 0,
                                    "isLinked": true
                                }
                            },
                            "elements": [
                                {
                                    "id": "379e5ce7",
                                    "settings": {
                                        "_column_size": 50,
                                        "_inline_size": 50,
                                        "_inline_size_tablet": 100
                                    },
                                    "elements": [
                                        {
                                            "id": "29de246",
                                            "settings": {
                                                "spacing": {
                                                    "unit": "px",
                                                    "size": 10,
                                                    "sizes": []
                                                },
                                                "spacing_thumbs": {
                                                    "unit": "px",
                                                    "size": 10,
                                                    "sizes": []
                                                }
                                            },
                                            "elements": [],
                                            "isInner": false,
                                            "widgetType": "woocommerce-product-images",
                                            "elType": "widget"
                                        }
                                    ],
                                    "isInner": true,
                                    "elType": "column"
                                },
                                {
                                    "id": "1dd79ce4",
                                    "settings": {
                                        "_column_size": 50,
                                        "_inline_size": 50,
                                        "padding": {
                                            "unit": "px",
                                            "top": "0",
                                            "right": "0",
                                            "bottom": "0",
                                            "left": "60",
                                            "isLinked": false
                                        },
                                        "padding_mobile": {
                                            "unit": "px",
                                            "top": "40",
                                            "right": "0",
                                            "bottom": "0",
                                            "left": "0",
                                            "isLinked": false
                                        },
                                        "_inline_size_tablet": 100,
                                        "content_position": "center",
                                        "padding_tablet": {
                                            "unit": "px",
                                            "top": "50",
                                            "right": "0",
                                            "bottom": "0",
                                            "left": "0",
                                            "isLinked": false
                                        }
                                    },
                                    "elements": [
                                        {
                                            "id": "4d0bd5ed",
                                            "settings": {
                                                "text_color": "#030F27",
                                                "alignment": "left",
                                                "__globals__": {
                                                    "text_color": "globals\/colors?id=text",
                                                    "text_typography_typography": "globals\/typography?id=ba6914a",
                                                    "link_color": ""
                                                },
                                                "_margin": {
                                                    "unit": "px",
                                                    "top": "0",
                                                    "right": "0",
                                                    "bottom": "-15",
                                                    "left": "0",
                                                    "isLinked": false
                                                }
                                            },
                                            "elements": [],
                                            "isInner": false,
                                            "widgetType": "woocommerce-breadcrumb",
                                            "elType": "widget"
                                        },
                                        {
                                            "id": "39bf6623",
                                            "settings": {
                                                "__dynamic__": {
                                                    "title": "[elementor-tag id=\"\" name=\"woocommerce-product-title-tag\" settings=\"%7B%22before%22%3A%22%22%2C%22after%22%3A%22%22%2C%22fallback%22%3A%22%22%7D\"]"
                                                },
                                                "title": "Add Your Heading Text Here",
                                                "typography_font_family": "Archivo Narrow",
                                                "typography_font_size": {
                                                    "unit": "px",
                                                    "size": 50
                                                },
                                                "typography_text_transform": "capitalize",
                                                "header_size": "h2"
                                            },
                                            "elements": [],
                                            "isInner": false,
                                            "widgetType": "woocommerce-product-title",
                                            "elType": "widget"
                                        },
                                        {
                                            "id": "cd98657",
                                            "settings": {
                                                "text_align": "left",
                                                "sale_price_spacing": {
                                                    "unit": "px",
                                                    "size": 4
                                                },
                                                "_margin": {
                                                    "unit": "px",
                                                    "top": "0",
                                                    "right": "0",
                                                    "bottom": "0",
                                                    "left": "0",
                                                    "isLinked": false
                                                },
                                                "__globals__": {
                                                    "price_color": "globals\/colors?id=primary",
                                                    "typography_typography": "globals\/typography?id=text",
                                                    "sale_price_typography_typography": "globals\/typography?id=secondary",
                                                    "sale_price_color": "globals\/colors?id=primary"
                                                }
                                            },
                                            "elements": [],
                                            "isInner": false,
                                            "widgetType": "woocommerce-product-price",
                                            "elType": "widget"
                                        },
                                        {
                                            "id": "43f9981f",
                                            "settings": {
                                                "button_align": "center",
                                                "button_border_radius": {
                                                    "unit": "px",
                                                    "top": "0",
                                                    "right": "0",
                                                    "bottom": "0",
                                                    "left": "0",
                                                    "isLinked": true
                                                },
                                                "button_padding": {
                                                    "unit": "px",
                                                    "top": "10",
                                                    "right": "22",
                                                    "bottom": "10",
                                                    "left": "22",
                                                    "isLinked": false
                                                },
                                                "button_border_border": "solid",
                                                "button_border_width": {
                                                    "unit": "px",
                                                    "top": "0",
                                                    "right": "0",
                                                    "bottom": "0",
                                                    "left": "0",
                                                    "isLinked": true
                                                },
                                                "button_text_color": "#FFFFFF",
                                                "button_bg_color": "#F42478",
                                                "button_bg_color_hover": "#2C75BA",
                                                "quantity_border_radius": {
                                                    "unit": "px",
                                                    "top": "0",
                                                    "right": "0",
                                                    "bottom": "0",
                                                    "left": "0",
                                                    "isLinked": true
                                                },
                                                "quantity_text_color": "#333333",
                                                "quantity_bg_color": "#FFFFFF",
                                                "quantity_text_color_focus": "#695FFE",
                                                "alignment": "left",
                                                "quantity_border_border": "solid",
                                                "quantity_border_width": {
                                                    "unit": "px",
                                                    "top": "1",
                                                    "right": "1",
                                                    "bottom": "1",
                                                    "left": "1",
                                                    "isLinked": true
                                                },
                                                "quantity_padding": {
                                                    "unit": "px",
                                                    "top": "10",
                                                    "right": "0",
                                                    "bottom": "10",
                                                    "left": "10",
                                                    "isLinked": false
                                                },
                                                "variations_label_typography_font_family": "Montserrat",
                                                "variations_label_typography_font_size": {
                                                    "unit": "px",
                                                    "size": 36,
                                                    "sizes": []
                                                },
                                                "variations_label_typography_font_weight": "800",
                                                "variations_label_typography_text_transform": "uppercase",
                                                "variations_label_typography_line_height": {
                                                    "unit": "em",
                                                    "size": 1.1,
                                                    "sizes": []
                                                },
                                                "_padding": {
                                                    "unit": "px",
                                                    "top": "8",
                                                    "right": "0",
                                                    "bottom": "25",
                                                    "left": "0",
                                                    "isLinked": false
                                                },
                                                "_border_width": {
                                                    "unit": "px",
                                                    "top": "0",
                                                    "right": "0",
                                                    "bottom": "1",
                                                    "left": "0",
                                                    "isLinked": false
                                                },
                                                "_border_color": "#F15E2224",
                                                "__globals__": {
                                                    "button_typography_typography": "globals\/typography?id=f95c007",
                                                    "button_bg_color": "globals\/colors?id=f06adda",
                                                    "button_bg_color_hover": "globals\/colors?id=fc28385",
                                                    "quantity_text_color": "globals\/colors?id=text",
                                                    "quantity_text_color_focus": "globals\/colors?id=text",
                                                    "variations_label_typography_typography": "",
                                                    "quantity_typography_typography": "globals\/typography?id=f500460",
                                                    "button_text_color": "globals\/colors?id=21bfb04",
                                                    "quantity_bg_color": "globals\/colors?id=21bfb04",
                                                    "quantity_border_color": "globals\/colors?id=57a29b1"
                                                }
                                            },
                                            "elements": [],
                                            "isInner": false,
                                            "widgetType": "woocommerce-product-add-to-cart",
                                            "elType": "widget"
                                        },
                                        {
                                            "id": "207381d3",
                                            "settings": {
                                                "text_color": "#333333",
                                                "link_color": "#695FFE",
                                                "view": "table",
                                                "space_between": {
                                                    "unit": "px",
                                                    "size": 5,
                                                    "sizes": []
                                                },
                                                "divider_color": "",
                                                "__globals__": {
                                                    "text_typography_typography": "globals\/typography?id=ba6914a",
                                                    "text_color": "globals\/colors?id=text",
                                                    "link_typography_typography": "globals\/typography?id=ba6914a",
                                                    "link_color": "globals\/colors?id=text",
                                                    "_border_color": "globals\/colors?id=57a29b1"
                                                },
                                                "_padding": {
                                                    "unit": "px",
                                                    "top": "25",
                                                    "right": "0",
                                                    "bottom": "25",
                                                    "left": "0",
                                                    "isLinked": false
                                                },
                                                "_border_border": "solid",
                                                "_border_width": {
                                                    "unit": "px",
                                                    "top": "1",
                                                    "right": "0",
                                                    "bottom": "1",
                                                    "left": "0",
                                                    "isLinked": false
                                                },
                                                "_margin": {
                                                    "unit": "px",
                                                    "top": "0",
                                                    "right": "0",
                                                    "bottom": "5",
                                                    "left": "0",
                                                    "isLinked": false
                                                }
                                            },
                                            "elements": [],
                                            "isInner": false,
                                            "widgetType": "woocommerce-product-meta",
                                            "elType": "widget"
                                        },
                                        {
                                            "id": "2ede8935",
                                            "settings": {
                                                "__globals__": {
                                                    "text_color": "globals\/colors?id=08fcc9d",
                                                    "text_typography_typography": "globals\/typography?id=f500460"
                                                },
                                                "text_color": "#333333"
                                            },
                                            "elements": [],
                                            "isInner": false,
                                            "widgetType": "woocommerce-product-short-description",
                                            "elType": "widget"
                                        }
                                    ],
                                    "isInner": true,
                                    "elType": "column"
                                }
                            ],
                            "isInner": true,
                            "elType": "section"
                        }
                    ],
                    "isInner": false,
                    "elType": "column"
                }
            ],
            "isInner": false,
            "elType": "section"
        },
        {
            "id": "6cad3b2b",
            "settings": {
                "gap": "no",
                "structure": "20",
                "padding": {
                    "unit": "px",
                    "top": "0",
                    "right": "15",
                    "bottom": "0",
                    "left": "15",
                    "isLinked": false
                },
                "_title": "product-detail",
                "margin": {
                    "unit": "px",
                    "top": "0",
                    "right": 0,
                    "bottom": "110",
                    "left": 0,
                    "isLinked": false
                },
                "margin_mobile": {
                    "unit": "px",
                    "top": "0",
                    "right": 0,
                    "bottom": "100",
                    "left": 0,
                    "isLinked": false
                }
            },
            "elements": [
                {
                    "id": "39e9cfbc",
                    "settings": {
                        "_column_size": 50,
                        "_inline_size": 65,
                        "_inline_size_tablet": 100,
                        "padding": {
                            "unit": "px",
                            "top": "0",
                            "right": "30",
                            "bottom": "0",
                            "left": "0",
                            "isLinked": false
                        },
                        "padding_tablet": {
                            "unit": "px",
                            "top": "0",
                            "right": "0",
                            "bottom": "0",
                            "left": "0",
                            "isLinked": false
                        },
                        "padding_mobile": {
                            "unit": "px",
                            "top": "0",
                            "right": "0",
                            "bottom": "0",
                            "left": "0",
                            "isLinked": false
                        }
                    },
                    "elements": [
                        {
                            "id": "15eeae70",
                            "settings": {
                                "tab_border_radius": {
                                    "unit": "px",
                                    "size": 0,
                                    "sizes": []
                                },
                                "heading_color": "#695FFE",
                                "__globals__": {
                                    "tab_bg_color": "globals\/colors?id=ad41708",
                                    "heading_color": "globals\/colors?id=e5e9561",
                                    "content_heading_typography_typography": "globals\/typography?id=f95c007",
                                    "tab_typography_typography": "globals\/typography?id=92b0a2d",
                                    "content_typography_typography": "globals\/typography?id=f500460",
                                    "text_color": "",
                                    "active_tab_bg_color": "globals\/colors?id=21bfb04",
                                    "tab_text_color": "globals\/colors?id=e5e9561"
                                },
                                "panel_box_shadow_box_shadow": {
                                    "horizontal": 0,
                                    "vertical": 0,
                                    "blur": 25,
                                    "spread": 0,
                                    "color": "rgba(0, 0, 0, 0.05)"
                                },
                                "tab_text_color": "#151515",
                                "tab_bg_color": "#F8F8F8",
                                "active_tab_bg_color": "#FFFFFF"
                            },
                            "elements": [],
                            "isInner": false,
                            "widgetType": "woocommerce-product-data-tabs",
                            "elType": "widget"
                        },
                        {
                            "id": "27d9364b",
                            "settings": {
                                "align": "center",
                                "heading_color": "#414141",
                                "image_border_width": {
                                    "unit": "px",
                                    "top": "1",
                                    "right": "1",
                                    "bottom": "1",
                                    "left": "1",
                                    "isLinked": true
                                },
                                "image_border_color": "#ffffff",
                                "title_color": "#414141",
                                "price_color": "#F42478",
                                "button_border_border": "solid",
                                "button_border_width": {
                                    "unit": "px",
                                    "top": "0",
                                    "right": "0",
                                    "bottom": "1",
                                    "left": "0",
                                    "isLinked": false
                                },
                                "button_border_radius": {
                                    "unit": "px",
                                    "top": "0",
                                    "right": "0",
                                    "bottom": "0",
                                    "left": "0",
                                    "isLinked": true
                                },
                                "button_spacing": {
                                    "unit": "px",
                                    "size": 10
                                },
                                "box_border_radius": {
                                    "unit": "px",
                                    "size": 0
                                },
                                "button_background_color": "#F4247800",
                                "button_border_color": "#D9D9D9",
                                "heading_text_align": "left",
                                "column_gap": {
                                    "unit": "px",
                                    "size": 40,
                                    "sizes": []
                                },
                                "button_text_color": "#414141",
                                "onsale_text_color": "#FFFFFF",
                                "onsale_text_background_color": "#F42478",
                                "onsale_border_radius": {
                                    "unit": "px",
                                    "size": 0,
                                    "sizes": []
                                },
                                "onsale_width": {
                                    "unit": "px",
                                    "size": 60,
                                    "sizes": []
                                },
                                "onsale_height": {
                                    "unit": "px",
                                    "size": 30,
                                    "sizes": []
                                },
                                "onsale_horizontal_position": "right",
                                "onsale_distance": {
                                    "unit": "px",
                                    "size": 8,
                                    "sizes": []
                                },
                                "__globals__": {
                                    "title_color": "globals\/colors?id=text",
                                    "title_typography_typography": "globals\/typography?id=61eed76",
                                    "price_color": "globals\/colors?id=primary",
                                    "price_typography_typography": "globals\/typography?id=61eed76",
                                    "button_background_color": "",
                                    "button_typography_typography": "globals\/typography?id=f95c007",
                                    "button_hover_background_color": "",
                                    "old_price_typography_typography": "globals\/typography?id=61eed76",
                                    "heading_color": "globals\/colors?id=text",
                                    "heading_typography_typography": "globals\/typography?id=text",
                                    "onsale_typography_typography": "globals\/typography?id=f95c007",
                                    "onsale_text_background_color": "globals\/colors?id=primary",
                                    "star_color": "globals\/colors?id=primary",
                                    "empty_star_color": "globals\/colors?id=secondary",
                                    "old_price_color": "globals\/colors?id=08fcc9d",
                                    "button_border_color": "globals\/colors?id=57a29b1",
                                    "button_text_color": "globals\/colors?id=text",
                                    "button_hover_color": "globals\/colors?id=fc28385",
                                    "view_cart_typography_typography": "globals\/typography?id=f95c007",
                                    "view_cart_color": "globals\/colors?id=text"
                                },
                                "posts_per_page": 2,
                                "columns": 2,
                                "columns_mobile": 1,
                                "star_color": "#F42478",
                                "empty_star_color": "#695FFE",
                                "star_size": {
                                    "unit": "em",
                                    "size": 0.8,
                                    "sizes": []
                                },
                                "rating_spacing": {
                                    "unit": "px",
                                    "size": 15,
                                    "sizes": []
                                },
                                "heading_spacing": {
                                    "unit": "px",
                                    "size": 40,
                                    "sizes": []
                                },
                                "box_shadow_box_shadow": {
                                    "horizontal": 0,
                                    "vertical": 0,
                                    "blur": 13,
                                    "spread": -4,
                                    "color": "rgba(0, 0, 0, 0.15)"
                                },
                                "_padding": {
                                    "unit": "px",
                                    "top": "10",
                                    "right": "0",
                                    "bottom": "0",
                                    "left": "0",
                                    "isLinked": false
                                },
                                "title_spacing": {
                                    "unit": "px",
                                    "size": 5,
                                    "sizes": []
                                },
                                "title_typography_typography": "custom",
                                "title_typography_font_family": "Cinzel",
                                "title_typography_font_size": {
                                    "unit": "px",
                                    "size": 22,
                                    "sizes": []
                                },
                                "title_typography_font_size_mobile": {
                                    "unit": "px",
                                    "size": 19,
                                    "sizes": []
                                },
                                "title_typography_font_weight": "500",
                                "title_typography_line_height": {
                                    "unit": "em",
                                    "size": 1.1,
                                    "sizes": []
                                },
                                "title_typography_word_spacing": {
                                    "unit": "em",
                                    "size": "",
                                    "sizes": []
                                },
                                "price_typography_typography": "custom",
                                "price_typography_font_family": "Cinzel",
                                "price_typography_font_size": {
                                    "unit": "px",
                                    "size": 22,
                                    "sizes": []
                                },
                                "price_typography_font_size_mobile": {
                                    "unit": "px",
                                    "size": 19,
                                    "sizes": []
                                },
                                "price_typography_font_weight": "500",
                                "price_typography_line_height": {
                                    "unit": "em",
                                    "size": 1.1,
                                    "sizes": []
                                },
                                "price_typography_word_spacing": {
                                    "unit": "em",
                                    "size": "",
                                    "sizes": []
                                },
                                "old_price_color": "#787878",
                                "old_price_typography_typography": "custom",
                                "old_price_typography_font_family": "Cinzel",
                                "old_price_typography_font_size": {
                                    "unit": "px",
                                    "size": 22,
                                    "sizes": []
                                },
                                "old_price_typography_font_size_mobile": {
                                    "unit": "px",
                                    "size": 19,
                                    "sizes": []
                                },
                                "old_price_typography_font_weight": "500",
                                "old_price_typography_line_height": {
                                    "unit": "em",
                                    "size": 1.1,
                                    "sizes": []
                                },
                                "old_price_typography_word_spacing": {
                                    "unit": "em",
                                    "size": "",
                                    "sizes": []
                                },
                                "button_typography_typography": "custom",
                                "button_typography_font_family": "Jost",
                                "button_typography_font_size": {
                                    "unit": "px",
                                    "size": 14,
                                    "sizes": []
                                },
                                "button_typography_font_weight": "normal",
                                "button_typography_text_transform": "uppercase",
                                "button_typography_line_height": {
                                    "unit": "em",
                                    "size": 1.1,
                                    "sizes": []
                                },
                                "button_typography_word_spacing": {
                                    "unit": "em",
                                    "size": "",
                                    "sizes": []
                                },
                                "button_text_padding": {
                                    "unit": "px",
                                    "top": "0",
                                    "right": "0",
                                    "bottom": "2",
                                    "left": "0",
                                    "isLinked": false
                                },
                                "heading_typography_typography": "custom",
                                "heading_typography_font_family": "Cinzel",
                                "heading_typography_font_size": {
                                    "unit": "px",
                                    "size": 38,
                                    "sizes": []
                                },
                                "heading_typography_font_size_tablet": {
                                    "unit": "px",
                                    "size": 35,
                                    "sizes": []
                                },
                                "heading_typography_font_size_mobile": {
                                    "unit": "px",
                                    "size": 29,
                                    "sizes": []
                                },
                                "heading_typography_font_weight": "normal",
                                "heading_typography_line_height": {
                                    "unit": "em",
                                    "size": 1.1,
                                    "sizes": []
                                },
                                "onsale_typography_typography": "custom",
                                "onsale_typography_font_family": "Jost",
                                "onsale_typography_font_size": {
                                    "unit": "px",
                                    "size": 14,
                                    "sizes": []
                                },
                                "onsale_typography_font_weight": "normal",
                                "onsale_typography_text_transform": "uppercase",
                                "onsale_typography_line_height": {
                                    "unit": "em",
                                    "size": 1.1,
                                    "sizes": []
                                },
                                "onsale_typography_word_spacing": {
                                    "unit": "em",
                                    "size": "",
                                    "sizes": []
                                }
                            },
                            "elements": [],
                            "isInner": false,
                            "widgetType": "woocommerce-product-related",
                            "elType": "widget"
                        }
                    ],
                    "isInner": false,
                    "elType": "column"
                },
                {
                    "id": "1e5e0e11",
                    "settings": {
                        "_column_size": 50,
                        "_inline_size": 35,
                        "padding": {
                            "unit": "px",
                            "top": "0",
                            "right": "0",
                            "bottom": "0",
                            "left": "50",
                            "isLinked": false
                        },
                        "_inline_size_tablet": 100,
                        "padding_tablet": {
                            "unit": "px",
                            "top": "80",
                            "right": "0",
                            "bottom": "0",
                            "left": "0",
                            "isLinked": false
                        },
                        "padding_mobile": {
                            "unit": "px",
                            "top": "50",
                            "right": "0",
                            "bottom": "0",
                            "left": "0",
                            "isLinked": false
                        }
                    },
                    "elements": [
                        {
                            "id": "13538463",
                            "settings": {
                                "placeholder": "Search",
                                "button_text": "Search",
                                "border_radius": {
                                    "unit": "px",
                                    "size": "",
                                    "sizes": []
                                },
                                "__globals__": {
                                    "input_typography_typography": "globals\/typography?id=f500460",
                                    "input_text_color": "globals\/colors?id=text",
                                    "button_background_color": "globals\/colors?id=f06adda",
                                    "button_background_color_hover": "globals\/colors?id=fc28385"
                                },
                                "_margin": {
                                    "unit": "px",
                                    "top": "0",
                                    "right": "0",
                                    "bottom": "30",
                                    "left": "0",
                                    "isLinked": false
                                }
                            },
                            "elements": [],
                            "isInner": false,
                            "widgetType": "search-form",
                            "elType": "widget"
                        },
                        {
                            "id": "18ff0bd4",
                            "settings": {
                                "gap": "no"
                            },
                            "elements": [
                                {
                                    "id": "59649513",
                                    "settings": {
                                        "_column_size": 100,
                                        "_inline_size": null,
                                        "margin": {
                                            "unit": "px",
                                            "top": "0",
                                            "right": "0",
                                            "bottom": "40",
                                            "left": "0",
                                            "isLinked": false
                                        },
                                        "padding": {
                                            "unit": "px",
                                            "top": "0",
                                            "right": "0",
                                            "bottom": "0",
                                            "left": "0",
                                            "isLinked": false
                                        },
                                        "align": "center"
                                    },
                                    "elements": [
                                        {
                                            "id": "7790b614",
                                            "settings": {
                                                "title": "Categories",
                                                "header_size": "h6",
                                                "align": "center",
                                                "typography_font_family": "Montserrat",
                                                "typography_font_size": {
                                                    "unit": "px",
                                                    "size": 15,
                                                    "sizes": []
                                                },
                                                "typography_font_weight": "600",
                                                "typography_text_transform": "uppercase",
                                                "typography_font_size_mobile": {
                                                    "unit": "px",
                                                    "size": 14,
                                                    "sizes": []
                                                },
                                                "_margin": {
                                                    "unit": "px",
                                                    "top": "0",
                                                    "right": "0",
                                                    "bottom": "35",
                                                    "left": "0",
                                                    "isLinked": false
                                                },
                                                "_padding": {
                                                    "unit": "px",
                                                    "top": "5",
                                                    "right": "15",
                                                    "bottom": "5",
                                                    "left": "15",
                                                    "isLinked": false
                                                },
                                                "_border_border": "solid",
                                                "_border_width": {
                                                    "unit": "px",
                                                    "top": "1",
                                                    "right": "1",
                                                    "bottom": "1",
                                                    "left": "1",
                                                    "isLinked": true
                                                },
                                                "align_tablet": "center",
                                                "__globals__": {
                                                    "title_color": "globals\/colors?id=text",
                                                    "_border_color": "globals\/colors?id=57a29b1"
                                                },
                                                "_element_width": "auto"
                                            },
                                            "elements": [],
                                            "isInner": false,
                                            "widgetType": "heading",
                                            "elType": "widget"
                                        },
                                        {
                                            "id": "46a3967e",
                                            "settings": {
                                                "hide_empty": "yes",
                                                "columns": 3,
                                                "number": 3,
                                                "column_gap": {
                                                    "unit": "px",
                                                    "size": 15,
                                                    "sizes": []
                                                },
                                                "align": "center",
                                                "title_color": "#030F27",
                                                "count_color": "#FD5D14",
                                                "__globals__": {
                                                    "title_color": "globals\/colors?id=e5e9561",
                                                    "title_typography_typography": "globals\/typography?id=f4610bb",
                                                    "count_color": "globals\/colors?id=primary",
                                                    "count_typography_typography": "globals\/typography?id=f4610bb"
                                                },
                                                "columns_mobile": 3
                                            },
                                            "elements": [],
                                            "isInner": false,
                                            "widgetType": "wc-categories",
                                            "elType": "widget"
                                        }
                                    ],
                                    "isInner": true,
                                    "elType": "column"
                                }
                            ],
                            "isInner": true,
                            "elType": "section"
                        },
                        {
                            "id": "438d2a4c",
                            "settings": {
                                "gap": "no"
                            },
                            "elements": [
                                {
                                    "id": "5c3ca5ba",
                                    "settings": {
                                        "_column_size": 100,
                                        "_inline_size": null,
                                        "margin": {
                                            "unit": "px",
                                            "top": "0",
                                            "right": "0",
                                            "bottom": "50",
                                            "left": "0",
                                            "isLinked": false
                                        },
                                        "padding": {
                                            "unit": "px",
                                            "top": "0",
                                            "right": "0",
                                            "bottom": "0",
                                            "left": "0",
                                            "isLinked": false
                                        },
                                        "align": "center"
                                    },
                                    "elements": [
                                        {
                                            "id": "82ded3",
                                            "settings": {
                                                "title": "Recent Products",
                                                "header_size": "h6",
                                                "align": "center",
                                                "typography_font_family": "Montserrat",
                                                "typography_font_size": {
                                                    "unit": "px",
                                                    "size": 15,
                                                    "sizes": []
                                                },
                                                "typography_font_weight": "600",
                                                "typography_text_transform": "uppercase",
                                                "typography_font_size_mobile": {
                                                    "unit": "px",
                                                    "size": 14,
                                                    "sizes": []
                                                },
                                                "_margin": {
                                                    "unit": "px",
                                                    "top": "0",
                                                    "right": "0",
                                                    "bottom": "35",
                                                    "left": "0",
                                                    "isLinked": false
                                                },
                                                "_padding": {
                                                    "unit": "px",
                                                    "top": "5",
                                                    "right": "15",
                                                    "bottom": "5",
                                                    "left": "15",
                                                    "isLinked": false
                                                },
                                                "_border_border": "solid",
                                                "_border_width": {
                                                    "unit": "px",
                                                    "top": "1",
                                                    "right": "1",
                                                    "bottom": "1",
                                                    "left": "1",
                                                    "isLinked": true
                                                },
                                                "align_tablet": "center",
                                                "__globals__": {
                                                    "title_color": "globals\/colors?id=text",
                                                    "_border_color": "globals\/colors?id=57a29b1"
                                                },
                                                "_element_width": "auto"
                                            },
                                            "elements": [],
                                            "isInner": false,
                                            "widgetType": "heading",
                                            "elType": "widget"
                                        },
                                        {
                                            "id": "702fd8b6",
                                            "settings": {
                                                "classic_columns": "1",
                                                "classic_posts_per_page": 2,
                                                "classic_thumbnail": "left",
                                                "classic_item_ratio": {
                                                    "unit": "px",
                                                    "size": 1,
                                                    "sizes": []
                                                },
                                                "classic_item_ratio_mobile": {
                                                    "unit": "px",
                                                    "size": 1.2,
                                                    "sizes": []
                                                },
                                                "classic_image_width": {
                                                    "unit": "%",
                                                    "size": 22,
                                                    "sizes": []
                                                },
                                                "classic_show_excerpt": "",
                                                "classic_meta_separator": "|",
                                                "classic_show_read_more": "",
                                                "classic_read_more_text": "Read More \u00bb",
                                                "cards_item_ratio": {
                                                    "unit": "px",
                                                    "size": 0.9,
                                                    "sizes": []
                                                },
                                                "cards_meta_separator": "|",
                                                "cards_read_more_text": "Read More \u00bb",
                                                "cards_show_avatar": "",
                                                "full_content_meta_separator": "\/\/\/",
                                                "posts_order": "asc",
                                                "classic_column_gap": {
                                                    "unit": "px",
                                                    "size": "",
                                                    "sizes": []
                                                },
                                                "classic_row_gap": {
                                                    "unit": "px",
                                                    "size": 15,
                                                    "sizes": []
                                                },
                                                "classic_alignment": "left",
                                                "classic_content_padding": {
                                                    "unit": "px",
                                                    "top": "15",
                                                    "right": "3",
                                                    "bottom": "0",
                                                    "left": "3",
                                                    "isLinked": false
                                                },
                                                "classic_box_shadow_box_shadow": {
                                                    "horizontal": 0,
                                                    "vertical": 0,
                                                    "blur": 20,
                                                    "spread": 0,
                                                    "color": "rgba(0, 0, 0, 0.15)"
                                                },
                                                "classic_title_spacing": {
                                                    "unit": "px",
                                                    "size": 10,
                                                    "sizes": []
                                                },
                                                "classic_meta_spacing": {
                                                    "unit": "px",
                                                    "size": 5,
                                                    "sizes": []
                                                },
                                                "classic_excerpt_color": "#333333",
                                                "classic_excerpt_typography_typography": "custom",
                                                "classic_excerpt_typography_font_family": "Poppins",
                                                "classic_excerpt_typography_font_size": {
                                                    "unit": "px",
                                                    "size": 15,
                                                    "sizes": []
                                                },
                                                "classic_excerpt_typography_line_height": {
                                                    "unit": "em",
                                                    "size": 1.5,
                                                    "sizes": []
                                                },
                                                "classic_excerpt_spacing": {
                                                    "unit": "px",
                                                    "size": 14,
                                                    "sizes": []
                                                },
                                                "classic_read_more_color": "#FD5D14",
                                                "classic_read_more_typography_typography": "custom",
                                                "classic_read_more_typography_font_family": "Montserrat",
                                                "classic_read_more_typography_font_size": {
                                                    "unit": "px",
                                                    "size": 15,
                                                    "sizes": []
                                                },
                                                "classic_read_more_typography_font_weight": "600",
                                                "classic_read_more_typography_text_transform": "uppercase",
                                                "cards_card_border_color": "#FD5D1473",
                                                "cards_card_border_width": {
                                                    "unit": "px",
                                                    "size": 1,
                                                    "sizes": []
                                                },
                                                "cards_card_border_radius": {
                                                    "unit": "px",
                                                    "size": 0,
                                                    "sizes": []
                                                },
                                                "cards_box_shadow_box_shadow_type": "",
                                                "cards_hover_effect": "none",
                                                "cards_image_spacing": {
                                                    "unit": "px",
                                                    "size": 15,
                                                    "sizes": []
                                                },
                                                "cards_badge_bg_color": "#FD5D14",
                                                "cards_badge_color": "#FFFFFF",
                                                "cards_badge_radius": {
                                                    "unit": "px",
                                                    "size": 0,
                                                    "sizes": []
                                                },
                                                "cards_badge_typography_typography": "custom",
                                                "cards_badge_typography_font_family": "Montserrat",
                                                "cards_badge_typography_font_weight": "600",
                                                "cards_badge_typography_text_transform": "uppercase",
                                                "cards_title_color": "#313131",
                                                "cards_title_typography_typography": "custom",
                                                "cards_title_typography_font_family": "Montserrat",
                                                "cards_title_typography_font_size": {
                                                    "unit": "px",
                                                    "size": 18,
                                                    "sizes": []
                                                },
                                                "cards_title_typography_font_weight": "700",
                                                "cards_title_typography_text_transform": "uppercase",
                                                "cards_title_typography_line_height": {
                                                    "unit": "em",
                                                    "size": 1.3,
                                                    "sizes": []
                                                },
                                                "cards_title_spacing": {
                                                    "unit": "px",
                                                    "size": 10,
                                                    "sizes": []
                                                },
                                                "cards_meta_color": "#878787",
                                                "cards_meta_typography_typography": "custom",
                                                "cards_meta_typography_font_family": "Poppins",
                                                "cards_meta_typography_font_size": {
                                                    "unit": "px",
                                                    "size": 13,
                                                    "sizes": []
                                                },
                                                "cards_excerpt_color": "#383838",
                                                "cards_excerpt_typography_typography": "custom",
                                                "cards_excerpt_typography_font_family": "Poppins",
                                                "cards_excerpt_typography_font_size": {
                                                    "unit": "px",
                                                    "size": 15,
                                                    "sizes": []
                                                },
                                                "cards_excerpt_typography_font_weight": "normal",
                                                "cards_excerpt_spacing": {
                                                    "unit": "px",
                                                    "size": 20,
                                                    "sizes": []
                                                },
                                                "pagination_page_limit": "5",
                                                "pagination_prev_label": "&laquo; Previous",
                                                "pagination_next_label": "Next &raquo;",
                                                "pagination_typography_typography": "custom",
                                                "pagination_typography_font_family": "Montserrat",
                                                "pagination_typography_font_size": {
                                                    "unit": "px",
                                                    "size": 16,
                                                    "sizes": []
                                                },
                                                "pagination_typography_font_weight": "700",
                                                "pagination_typography_text_transform": "uppercase",
                                                "pagination_hover_color": "#C33F02",
                                                "pagination_active_color": "#C33F02",
                                                "pagination_spacing": {
                                                    "unit": "px",
                                                    "size": 15,
                                                    "sizes": []
                                                },
                                                "pagination_spacing_top": {
                                                    "unit": "px",
                                                    "size": 44,
                                                    "sizes": []
                                                },
                                                "_margin_tablet": {
                                                    "unit": "px",
                                                    "top": "0",
                                                    "right": "0",
                                                    "bottom": "0",
                                                    "left": "0",
                                                    "isLinked": false
                                                },
                                                "_margin_mobile": {
                                                    "unit": "px",
                                                    "top": "0",
                                                    "right": "0",
                                                    "bottom": "0",
                                                    "left": "0",
                                                    "isLinked": false
                                                },
                                                "classic_image_width_mobile": {
                                                    "unit": "%",
                                                    "size": 25,
                                                    "sizes": []
                                                },
                                                "__globals__": {
                                                    "classic_meta_typography_typography": "globals\/typography?id=f4610bb",
                                                    "classic_meta_color": "",
                                                    "classic_meta_separator_color": "",
                                                    "classic_title_typography_typography": "globals\/typography?id=92b0a2d",
                                                    "classic_title_color": "globals\/colors?id=e5e9561"
                                                },
                                                "classic_title_tag": "h5",
                                                "classic_excerpt_length": 5,
                                                "classic_meta_data": [
                                                    "author",
                                                    "modified"
                                                ],
                                                "posts_post_type": "product",
                                                "posts_include": [],
                                                "classic_image_spacing": {
                                                    "unit": "px",
                                                    "size": 15,
                                                    "sizes": []
                                                },
                                                "classic_title_color": "#151515"
                                            },
                                            "elements": [],
                                            "isInner": false,
                                            "widgetType": "posts",
                                            "elType": "widget"
                                        }
                                    ],
                                    "isInner": true,
                                    "elType": "column"
                                }
                            ],
                            "isInner": true,
                            "elType": "section"
                        },
                        {
                            "id": "79428ccc",
                            "settings": {
                                "gap": "no"
                            },
                            "elements": [
                                {
                                    "id": "68854fdf",
                                    "settings": {
                                        "_column_size": 100,
                                        "_inline_size": null,
                                        "align": "center"
                                    },
                                    "elements": [
                                        {
                                            "id": "25ca6d67",
                                            "settings": {
                                                "title": "Product Gallery",
                                                "header_size": "h6",
                                                "align": "center",
                                                "typography_font_family": "Montserrat",
                                                "typography_font_size": {
                                                    "unit": "px",
                                                    "size": 15,
                                                    "sizes": []
                                                },
                                                "typography_font_weight": "600",
                                                "typography_text_transform": "uppercase",
                                                "typography_font_size_mobile": {
                                                    "unit": "px",
                                                    "size": 14,
                                                    "sizes": []
                                                },
                                                "_margin": {
                                                    "unit": "px",
                                                    "top": "0",
                                                    "right": "0",
                                                    "bottom": "35",
                                                    "left": "0",
                                                    "isLinked": false
                                                },
                                                "_padding": {
                                                    "unit": "px",
                                                    "top": "5",
                                                    "right": "15",
                                                    "bottom": "5",
                                                    "left": "15",
                                                    "isLinked": false
                                                },
                                                "_border_border": "solid",
                                                "_border_width": {
                                                    "unit": "px",
                                                    "top": "1",
                                                    "right": "1",
                                                    "bottom": "1",
                                                    "left": "1",
                                                    "isLinked": true
                                                },
                                                "align_tablet": "center",
                                                "__globals__": {
                                                    "title_color": "globals\/colors?id=text",
                                                    "_border_color": "globals\/colors?id=57a29b1"
                                                },
                                                "_element_width": "auto"
                                            },
                                            "elements": [],
                                            "isInner": false,
                                            "widgetType": "heading",
                                            "elType": "widget"
                                        },
                                        {
                                            "id": "16242c12",
                                            "settings": {
                                                "galleries": [
                                                    {
                                                        "gallery_title": "New Gallery",
                                                        "_id": "87478bc"
                                                    }
                                                ],
                                                "columns": 3,
                                                "columns_tablet": 6,
                                                "columns_mobile": 3,
                                                "aspect_ratio": "1:1",
                                                "thumbnail_image_size": "thumbnail",
                                                "show_all_galleries_label": "All",
                                                "gallery": [
                                                    {
                                                        "id": 1353,
                                                        "url": "https:\/\/demo.bosathemes.com\/fashionable\/wp-content\/uploads\/sites\/19\/2021\/12\/fashion-product24.jpg"
                                                    },
                                                    {
                                                        "id": 1352,
                                                        "url": "https:\/\/demo.bosathemes.com\/fashionable\/wp-content\/uploads\/sites\/19\/2021\/12\/fashion-product23.jpg"
                                                    },
                                                    {
                                                        "id": 1351,
                                                        "url": "https:\/\/demo.bosathemes.com\/fashionable\/wp-content\/uploads\/sites\/19\/2021\/12\/fashion-product22.jpg"
                                                    },
                                                    {
                                                        "id": 1342,
                                                        "url": "https:\/\/demo.bosathemes.com\/fashionable\/wp-content\/uploads\/sites\/19\/2021\/12\/fashion-product13.jpg"
                                                    },
                                                    {
                                                        "id": 1340,
                                                        "url": "https:\/\/demo.bosathemes.com\/fashionable\/wp-content\/uploads\/sites\/19\/2021\/12\/fashion-product11.jpg"
                                                    },
                                                    {
                                                        "id": 1339,
                                                        "url": "https:\/\/demo.bosathemes.com\/fashionable\/wp-content\/uploads\/sites\/19\/2021\/12\/fashion-product10.jpg"
                                                    }
                                                ]
                                            },
                                            "elements": [],
                                            "isInner": false,
                                            "widgetType": "gallery",
                                            "elType": "widget"
                                        }
                                    ],
                                    "isInner": true,
                                    "elType": "column"
                                }
                            ],
                            "isInner": true,
                            "elType": "section"
                        }
                    ],
                    "isInner": false,
                    "elType": "column"
                }
            ],
            "isInner": false,
            "elType": "section"
        }
    ]
}