{
    "version": "0.4",
    "title": "Single Post",
    "type": "single-post",
    "metadata": {
        "template_type": "single-post",
        "include_in_zip": "1",
        "elementor_pro_required": "1",
        "elementor_library_type": "single-post",
        "elementor_pro_conditions": [
            "include\/singular\/post"
        ],
        "additional_template_information": [
            "This is a \"Single Post\" template for Elementor Pro.",
            "This template will display on: Posts."
        ],
        "wp_page_template": "default"
    },
    "content": [
        {
            "id": "37a6b6ad",
            "settings": {
                "margin": {
                    "unit": "px",
                    "top": "0",
                    "right": 0,
                    "bottom": "110",
                    "left": 0,
                    "isLinked": false
                },
                "_timestamp_": "v1M3VsZFBTM3oyc3ZzczhTUkMxTkptQT09",
                "gap": "no",
                "padding": {
                    "unit": "px",
                    "top": "110",
                    "right": "15",
                    "bottom": "110",
                    "left": "15",
                    "isLinked": false
                },
                "_title": "single-post",
                "background_background": "classic",
                "margin_mobile": {
                    "unit": "px",
                    "top": "",
                    "right": 0,
                    "bottom": "",
                    "left": 0,
                    "isLinked": true
                },
                "padding_mobile": {
                    "unit": "px",
                    "top": "100",
                    "right": "15",
                    "bottom": "100",
                    "left": "15",
                    "isLinked": false
                },
                "__globals__": {
                    "background_color": "globals\/colors?id=ad41708"
                },
                "margin_tablet": {
                    "unit": "px",
                    "top": "0",
                    "right": 0,
                    "bottom": "80",
                    "left": 0,
                    "isLinked": false
                }
            },
            "elements": [
                {
                    "id": "1dc22a14",
                    "settings": {
                        "_column_size": 100,
                        "background_background": "classic",
                        "box_shadow_box_shadow": {
                            "horizontal": 0,
                            "vertical": 0,
                            "blur": 34,
                            "spread": 0,
                            "color": "rgba(0,0,0,0.11)"
                        },
                        "padding_mobile": {
                            "unit": "px",
                            "top": "0",
                            "right": "0",
                            "bottom": "0",
                            "left": "0",
                            "isLinked": true
                        },
                        "space_between_widgets": 18,
                        "align": "center"
                    },
                    "elements": [
                        {
                            "id": "12983c83",
                            "settings": {
                                "__dynamic__": {
                                    "title": "[elementor-tag id=\"\" name=\"post-title\" settings=\"%7B%7D\"]"
                                },
                                "title": "Add Your Heading Text Here",
                                "typography_font_size": {
                                    "unit": "px",
                                    "size": ""
                                },
                                "typography_font_size_mobile": {
                                    "unit": "px",
                                    "size": 24
                                },
                                "typography_font_weight": "800",
                                "align": "center",
                                "typography_font_size_tablet": {
                                    "unit": "px",
                                    "size": 36,
                                    "sizes": []
                                },
                                "typography_text_transform": "capitalize",
                                "__globals__": {
                                    "title_color": "globals\/colors?id=text"
                                }
                            },
                            "elements": [],
                            "isInner": false,
                            "widgetType": "theme-post-title",
                            "elType": "widget"
                        },
                        {
                            "id": "4ef9ed3",
                            "settings": {
                                "icon_list": [
                                    {
                                        "type": "author",
                                        "icon": "fa fa-user-circle-o",
                                        "_id": "a339c7b",
                                        "custom_date_format": "F j, Y",
                                        "custom_time_format": "g:i a",
                                        "text_prefix": "By",
                                        "comments_custom_strings": "",
                                        "selected_icon": {
                                            "value": "fas fa-user-circle",
                                            "library": "fa-solid"
                                        },
                                        "__fa4_migrated": {
                                            "selected_icon": true
                                        },
                                        "show_icon": "custom"
                                    },
                                    {
                                        "icon": "fa fa-calendar",
                                        "_id": "ba9c996",
                                        "custom_date_format": "F j, Y",
                                        "custom_time_format": "g:i a",
                                        "comments_custom_strings": "",
                                        "selected_icon": {
                                            "value": "fas fa-calendar-alt",
                                            "library": "fa-solid"
                                        },
                                        "__fa4_migrated": {
                                            "selected_icon": true
                                        },
                                        "show_icon": "custom"
                                    },
                                    {
                                        "type": "comments",
                                        "icon": "fa fa-commenting-o",
                                        "_id": "afbda51",
                                        "custom_date_format": "F j, Y",
                                        "custom_time_format": "g:i a",
                                        "comments_custom_strings": "",
                                        "selected_icon": {
                                            "value": "fas fa-comments",
                                            "library": "fa-solid"
                                        },
                                        "__fa4_migrated": {
                                            "selected_icon": true
                                        },
                                        "show_icon": "custom"
                                    }
                                ],
                                "space_between": {
                                    "unit": "px",
                                    "size": 25
                                },
                                "space_between_mobile": {
                                    "unit": "px",
                                    "size": 15
                                },
                                "icon_align_mobile": "center",
                                "icon_size_mobile": {
                                    "unit": "px",
                                    "size": 16
                                },
                                "text_indent": {
                                    "unit": "px",
                                    "size": 8
                                },
                                "icon_size": {
                                    "unit": "px",
                                    "size": 13
                                },
                                "_padding": {
                                    "unit": "px",
                                    "top": "15",
                                    "right": "0",
                                    "bottom": "15",
                                    "left": "0",
                                    "isLinked": false
                                },
                                "_border_border": "solid",
                                "_border_width": {
                                    "unit": "px",
                                    "top": "1",
                                    "right": "0",
                                    "bottom": "1",
                                    "left": "0",
                                    "isLinked": false
                                },
                                "icon_align": "center",
                                "divider": "yes",
                                "_margin": {
                                    "unit": "px",
                                    "top": "10",
                                    "right": "0",
                                    "bottom": "10",
                                    "left": "0",
                                    "isLinked": false
                                },
                                "__globals__": {
                                    "icon_typography_typography": "",
                                    "text_color": "globals\/colors?id=08fcc9d",
                                    "divider_color": "globals\/colors?id=57a29b1",
                                    "icon_color": "globals\/colors?id=primary",
                                    "_border_color": ""
                                },
                                "icon_typography_font_size": {
                                    "unit": "px",
                                    "size": 16,
                                    "sizes": []
                                },
                                "divider_color": "#D9D9D9",
                                "icon_color": "#F42478",
                                "text_color": "#787878",
                                "icon_typography_font_family": "Prompt",
                                "icon_typography_font_weight": "normal",
                                "icon_typography_line_height": {
                                    "unit": "em",
                                    "size": 1.5,
                                    "sizes": []
                                },
                                "_element_width": "auto",
                                "_border_color": "#D9D9D95C"
                            },
                            "elements": [],
                            "isInner": false,
                            "widgetType": "post-info",
                            "elType": "widget"
                        },
                        {
                            "id": "206091e5",
                            "settings": {
                                "__dynamic__": {
                                    "image": "[elementor-tag id=\"\" name=\"post-featured-image\" settings=\"%7B%22fallback%22%3A%7B%22url%22%3A%22%22%2C%22id%22%3A%22%22%7D%7D\"]"
                                },
                                "image_size": "full",
                                "image_custom_dimension": {
                                    "width": "1200",
                                    "height": "500"
                                },
                                "_margin": {
                                    "unit": "px",
                                    "top": "50",
                                    "right": "0",
                                    "bottom": "0",
                                    "left": "0",
                                    "isLinked": false
                                },
                                "image": {
                                    "id": 32,
                                    "url": "https:\/\/demo.bosathemes.com\/fashionable\/wp-content\/uploads\/sites\/19\/2021\/12\/placeholder-4.png"
                                }
                            },
                            "elements": [],
                            "isInner": false,
                            "widgetType": "theme-post-featured-image",
                            "elType": "widget"
                        }
                    ],
                    "isInner": false,
                    "elType": "column"
                }
            ],
            "isInner": false,
            "elType": "section"
        },
        {
            "id": "7ce67206",
            "settings": {
                "gap": "no",
                "structure": "20",
                "margin": {
                    "unit": "px",
                    "top": "0",
                    "right": 0,
                    "bottom": "110",
                    "left": 0,
                    "isLinked": false
                },
                "margin_tablet": {
                    "unit": "px",
                    "top": "",
                    "right": 0,
                    "bottom": "",
                    "left": 0,
                    "isLinked": true
                },
                "margin_mobile": {
                    "unit": "px",
                    "top": "0",
                    "right": 0,
                    "bottom": "100",
                    "left": 0,
                    "isLinked": false
                },
                "padding": {
                    "unit": "px",
                    "top": "0",
                    "right": "15",
                    "bottom": "0",
                    "left": "15",
                    "isLinked": false
                },
                "_title": "post-content"
            },
            "elements": [
                {
                    "id": "514bf887",
                    "settings": {
                        "_column_size": 50,
                        "_inline_size": 65,
                        "space_between_widgets": 18,
                        "margin": {
                            "unit": "px",
                            "top": "0",
                            "right": "30",
                            "bottom": "0",
                            "left": "0",
                            "isLinked": false
                        },
                        "_inline_size_tablet": 100,
                        "padding_tablet": {
                            "unit": "px",
                            "top": "0",
                            "right": "0",
                            "bottom": "80",
                            "left": "0",
                            "isLinked": false
                        },
                        "margin_tablet": {
                            "unit": "px",
                            "top": "0",
                            "right": "0",
                            "bottom": "0",
                            "left": "0",
                            "isLinked": false
                        }
                    },
                    "elements": [
                        {
                            "id": "265ff9de",
                            "settings": {
                                "typography_line_height": {
                                    "unit": "em",
                                    "size": 1.5
                                },
                                "typography_font_family": "Poppins",
                                "typography_font_size": {
                                    "unit": "px",
                                    "size": 16,
                                    "sizes": []
                                },
                                "_margin": {
                                    "unit": "px",
                                    "top": "0",
                                    "right": "0",
                                    "bottom": "-10",
                                    "left": "0",
                                    "isLinked": false
                                },
                                "__globals__": {
                                    "text_color": "globals\/colors?id=text"
                                }
                            },
                            "elements": [],
                            "isInner": false,
                            "widgetType": "theme-post-content",
                            "elType": "widget"
                        },
                        {
                            "id": "434c74c5",
                            "settings": {
                                "icon_list": [
                                    {
                                        "type": "terms",
                                        "icon": "fa fa-commenting-o",
                                        "_id": "178a5d0",
                                        "custom_date_format": "F j, Y",
                                        "custom_time_format": "g:i a",
                                        "taxonomy": "post_tag",
                                        "comments_custom_strings": "",
                                        "selected_icon": {
                                            "value": "far fa-comment-dots",
                                            "library": "fa-regular"
                                        },
                                        "__fa4_migrated": {
                                            "selected_icon": true
                                        }
                                    }
                                ],
                                "text_indent": {
                                    "unit": "px",
                                    "size": 12
                                },
                                "_margin": {
                                    "unit": "px",
                                    "top": "0",
                                    "right": "0",
                                    "bottom": "10",
                                    "left": "0",
                                    "isLinked": false
                                },
                                "icon_size": {
                                    "unit": "px",
                                    "size": 15,
                                    "sizes": []
                                },
                                "_margin_tablet": {
                                    "unit": "px",
                                    "top": "4",
                                    "right": "0",
                                    "bottom": "10",
                                    "left": "0",
                                    "isLinked": false
                                },
                                "__globals__": {
                                    "icon_typography_typography": "globals\/typography?id=92b0a2d",
                                    "text_color": "globals\/colors?id=f06adda",
                                    "icon_color": "globals\/colors?id=primary"
                                }
                            },
                            "elements": [],
                            "isInner": false,
                            "widgetType": "post-info",
                            "elType": "widget"
                        },
                        {
                            "id": "141b3a0b",
                            "settings": {
                                "share_buttons": [
                                    {
                                        "_id": "62d78a5"
                                    },
                                    {
                                        "button": "whatsapp",
                                        "_id": "0f55b88"
                                    },
                                    {
                                        "button": "twitter",
                                        "_id": "21de836"
                                    },
                                    {
                                        "button": "linkedin",
                                        "_id": "f780b63"
                                    },
                                    {
                                        "button": "pinterest",
                                        "_id": "050fff4"
                                    }
                                ],
                                "row_gap": {
                                    "unit": "px",
                                    "size": ""
                                },
                                "row_gap_mobile": {
                                    "unit": "px",
                                    "size": 10
                                },
                                "button_size": {
                                    "unit": "px",
                                    "size": 0.8
                                },
                                "icon_size": {
                                    "unit": "em",
                                    "size": 1.6
                                },
                                "button_height": {
                                    "unit": "em",
                                    "size": 5
                                },
                                "skin": "flat",
                                "columns": "5",
                                "columns_mobile": "2",
                                "_margin": {
                                    "unit": "px",
                                    "top": "0",
                                    "right": "0",
                                    "bottom": "13",
                                    "left": "0",
                                    "isLinked": false
                                },
                                "share_url_type": "custom",
                                "__globals__": {
                                    "typography_typography": "globals\/typography?id=f95c007"
                                },
                                "typography_line_height": {
                                    "unit": "em",
                                    "size": 1.5,
                                    "sizes": []
                                }
                            },
                            "elements": [],
                            "isInner": false,
                            "widgetType": "share-buttons",
                            "elType": "widget"
                        },
                        {
                            "id": "6a9bab70",
                            "settings": {
                                "author_name": "John Doe",
                                "author_bio": "Click edit button to change this text. Lorem ipsum dolor sit amet consectetur adipiscing elit dolor",
                                "link_text": "View All Posts >",
                                "link_to": "posts_archive",
                                "show_link": "yes",
                                "image_vertical_align": "middle",
                                "image_size": {
                                    "unit": "px",
                                    "size": 100
                                },
                                "image_size_mobile": {
                                    "unit": "px",
                                    "size": 80
                                },
                                "image_gap": {
                                    "unit": "px",
                                    "size": 20
                                },
                                "button_border_width": {
                                    "unit": "px",
                                    "size": 0
                                },
                                "button_text_padding": {
                                    "unit": "px",
                                    "top": "20",
                                    "right": "0",
                                    "bottom": "0",
                                    "left": "0",
                                    "isLinked": false
                                },
                                "_padding": {
                                    "unit": "px",
                                    "top": "40",
                                    "right": "40",
                                    "bottom": "32",
                                    "left": "40",
                                    "isLinked": false
                                },
                                "_background_background": "classic",
                                "_background_color": "#FAFAFA",
                                "alignment": "left",
                                "name_gap": {
                                    "unit": "px",
                                    "size": 12,
                                    "sizes": []
                                },
                                "button_border_radius": {
                                    "unit": "px",
                                    "size": 0,
                                    "sizes": []
                                },
                                "_margin": {
                                    "unit": "px",
                                    "top": "0",
                                    "right": "0",
                                    "bottom": "22",
                                    "left": "0",
                                    "isLinked": false
                                },
                                "_padding_mobile": {
                                    "unit": "px",
                                    "top": "25",
                                    "right": "25",
                                    "bottom": "22",
                                    "left": "25",
                                    "isLinked": false
                                },
                                "layout": "left",
                                "bio_gap": {
                                    "unit": "px",
                                    "size": 0,
                                    "sizes": []
                                },
                                "button_background_color": "#02010100",
                                "__globals__": {
                                    "button_text_color": "globals\/colors?id=accent",
                                    "button_typography_typography": "globals\/typography?id=f95c007",
                                    "name_typography_typography": "globals\/typography?id=accent",
                                    "bio_color": "globals\/colors?id=08fcc9d",
                                    "button_hover_color": "globals\/colors?id=fc28385",
                                    "bio_typography_typography": "globals\/typography?id=f500460",
                                    "name_color": "globals\/colors?id=f06adda"
                                },
                                "button_text_color": "#F42478",
                                "author_avatar": {
                                    "id": 33,
                                    "url": "https:\/\/demo.bosathemes.com\/fashionable\/wp-content\/uploads\/sites\/19\/2021\/12\/placeholder-5.png"
                                }
                            },
                            "elements": [],
                            "isInner": false,
                            "widgetType": "author-box",
                            "elType": "widget"
                        },
                        {
                            "id": "7fd5678f",
                            "settings": {
                                "color": "#AFAFAF2E",
                                "gap": {
                                    "unit": "px",
                                    "size": 10
                                },
                                "text": "Divider"
                            },
                            "elements": [],
                            "isInner": false,
                            "widgetType": "divider",
                            "elType": "widget"
                        },
                        {
                            "id": "7313339f",
                            "settings": {
                                "_skin": "theme_comments",
                                "_padding": {
                                    "unit": "px",
                                    "top": "5",
                                    "right": "0",
                                    "bottom": "0",
                                    "left": "0",
                                    "isLinked": false
                                }
                            },
                            "elements": [],
                            "isInner": false,
                            "widgetType": "post-comments",
                            "elType": "widget"
                        },
                        {
                            "id": "59b62ac7",
                            "settings": {
                                "prev_label": "Previous",
                                "next_label": "Next",
                                "show_borders": "",
                                "_margin": {
                                    "unit": "px",
                                    "top": "42",
                                    "right": "0",
                                    "bottom": "0",
                                    "left": "0",
                                    "isLinked": false
                                },
                                "in_same_term": [],
                                "post_taxonomy": "category",
                                "arrow_size": {
                                    "unit": "px",
                                    "size": 30,
                                    "sizes": []
                                },
                                "arrow_padding": {
                                    "unit": "px",
                                    "size": 15,
                                    "sizes": []
                                },
                                "arrow_size_mobile": {
                                    "unit": "px",
                                    "size": 20,
                                    "sizes": []
                                },
                                "e-landing-page_taxonomy": "elementor_library_type",
                                "__globals__": {
                                    "label_typography_typography": "globals\/typography?id=f95c007",
                                    "title_typography_typography": "globals\/typography?id=ba6914a",
                                    "label_color": "globals\/colors?id=primary",
                                    "text_color": "globals\/colors?id=e5e9561",
                                    "hover_color": "globals\/colors?id=fc28385",
                                    "arrow_color": "globals\/colors?id=08fcc9d",
                                    "arrow_hover_color": "globals\/colors?id=fc28385"
                                }
                            },
                            "elements": [],
                            "isInner": false,
                            "widgetType": "post-navigation",
                            "elType": "widget"
                        }
                    ],
                    "isInner": false,
                    "elType": "column"
                },
                {
                    "id": "658940a7",
                    "settings": {
                        "_column_size": 50,
                        "_inline_size": 35,
                        "padding": {
                            "unit": "px",
                            "top": "0",
                            "right": "0",
                            "bottom": "0",
                            "left": "50",
                            "isLinked": false
                        },
                        "_inline_size_tablet": 100,
                        "padding_tablet": {
                            "unit": "px",
                            "top": "0",
                            "right": "0",
                            "bottom": "0",
                            "left": "0",
                            "isLinked": false
                        }
                    },
                    "elements": [
                        {
                            "id": "531e1620",
                            "settings": {
                                "gap": "no"
                            },
                            "elements": [
                                {
                                    "id": "41b32c2d",
                                    "settings": {
                                        "_column_size": 100,
                                        "_inline_size": null,
                                        "margin": {
                                            "unit": "px",
                                            "top": "0",
                                            "right": "0",
                                            "bottom": "50",
                                            "left": "0",
                                            "isLinked": false
                                        },
                                        "padding": {
                                            "unit": "px",
                                            "top": "0",
                                            "right": "0",
                                            "bottom": "0",
                                            "left": "0",
                                            "isLinked": false
                                        },
                                        "align": "center"
                                    },
                                    "elements": [
                                        {
                                            "id": "2ec11345",
                                            "settings": {
                                                "title": "Recent posts",
                                                "header_size": "h6",
                                                "align": "center",
                                                "typography_font_family": "Montserrat",
                                                "typography_font_size": {
                                                    "unit": "px",
                                                    "size": 15,
                                                    "sizes": []
                                                },
                                                "typography_font_weight": "600",
                                                "typography_text_transform": "uppercase",
                                                "typography_font_size_mobile": {
                                                    "unit": "px",
                                                    "size": 14,
                                                    "sizes": []
                                                },
                                                "_margin": {
                                                    "unit": "px",
                                                    "top": "0",
                                                    "right": "0",
                                                    "bottom": "35",
                                                    "left": "0",
                                                    "isLinked": false
                                                },
                                                "_padding": {
                                                    "unit": "px",
                                                    "top": "5",
                                                    "right": "15",
                                                    "bottom": "5",
                                                    "left": "15",
                                                    "isLinked": false
                                                },
                                                "_border_border": "solid",
                                                "_border_width": {
                                                    "unit": "px",
                                                    "top": "1",
                                                    "right": "1",
                                                    "bottom": "1",
                                                    "left": "1",
                                                    "isLinked": true
                                                },
                                                "align_tablet": "center",
                                                "__globals__": {
                                                    "title_color": "globals\/colors?id=text",
                                                    "_border_color": "globals\/colors?id=57a29b1"
                                                },
                                                "_element_width": "auto"
                                            },
                                            "elements": [],
                                            "isInner": false,
                                            "widgetType": "heading",
                                            "elType": "widget"
                                        },
                                        {
                                            "id": "5ee67446",
                                            "settings": {
                                                "classic_columns": "1",
                                                "classic_posts_per_page": 4,
                                                "classic_thumbnail": "left",
                                                "classic_item_ratio": {
                                                    "unit": "px",
                                                    "size": 0.9,
                                                    "sizes": []
                                                },
                                                "classic_item_ratio_mobile": {
                                                    "unit": "px",
                                                    "size": 1.2,
                                                    "sizes": []
                                                },
                                                "classic_image_width": {
                                                    "unit": "%",
                                                    "size": 28,
                                                    "sizes": []
                                                },
                                                "classic_show_excerpt": "",
                                                "classic_meta_separator": "|",
                                                "classic_show_read_more": "",
                                                "classic_read_more_text": "Read More \u00bb",
                                                "cards_item_ratio": {
                                                    "unit": "px",
                                                    "size": 0.9,
                                                    "sizes": []
                                                },
                                                "cards_meta_separator": "|",
                                                "cards_read_more_text": "Read More \u00bb",
                                                "cards_show_avatar": "",
                                                "full_content_meta_separator": "\/\/\/",
                                                "posts_order": "asc",
                                                "classic_row_gap": {
                                                    "unit": "px",
                                                    "size": 30,
                                                    "sizes": []
                                                },
                                                "classic_alignment": "left",
                                                "classic_box_border_width": {
                                                    "unit": "px",
                                                    "top": "0",
                                                    "right": "0",
                                                    "bottom": "0",
                                                    "left": "0",
                                                    "isLinked": true
                                                },
                                                "classic_box_padding": {
                                                    "unit": "px",
                                                    "top": "0",
                                                    "right": "0",
                                                    "bottom": "0",
                                                    "left": "0",
                                                    "isLinked": false
                                                },
                                                "classic_content_padding": {
                                                    "unit": "px",
                                                    "top": "12",
                                                    "right": "3",
                                                    "bottom": "0",
                                                    "left": "3",
                                                    "isLinked": false
                                                },
                                                "classic_box_shadow_box_shadow": {
                                                    "horizontal": 0,
                                                    "vertical": 0,
                                                    "blur": 20,
                                                    "spread": 0,
                                                    "color": "rgba(0, 0, 0, 0.15)"
                                                },
                                                "classic_box_bg_color": "#FFFFFF",
                                                "classic_title_spacing": {
                                                    "unit": "px",
                                                    "size": 10,
                                                    "sizes": []
                                                },
                                                "classic_meta_spacing": {
                                                    "unit": "px",
                                                    "size": 5,
                                                    "sizes": []
                                                },
                                                "classic_excerpt_color": "#333333",
                                                "classic_excerpt_typography_typography": "custom",
                                                "classic_excerpt_typography_font_family": "Poppins",
                                                "classic_excerpt_typography_font_size": {
                                                    "unit": "px",
                                                    "size": 15,
                                                    "sizes": []
                                                },
                                                "classic_excerpt_typography_line_height": {
                                                    "unit": "em",
                                                    "size": 1.5,
                                                    "sizes": []
                                                },
                                                "classic_excerpt_spacing": {
                                                    "unit": "px",
                                                    "size": 14,
                                                    "sizes": []
                                                },
                                                "classic_read_more_color": "#FD5D14",
                                                "classic_read_more_typography_typography": "custom",
                                                "classic_read_more_typography_font_family": "Montserrat",
                                                "classic_read_more_typography_font_size": {
                                                    "unit": "px",
                                                    "size": 15,
                                                    "sizes": []
                                                },
                                                "classic_read_more_typography_font_weight": "600",
                                                "classic_read_more_typography_text_transform": "uppercase",
                                                "cards_card_border_color": "#FD5D1473",
                                                "cards_card_border_width": {
                                                    "unit": "px",
                                                    "size": 1,
                                                    "sizes": []
                                                },
                                                "cards_card_border_radius": {
                                                    "unit": "px",
                                                    "size": 0,
                                                    "sizes": []
                                                },
                                                "cards_box_shadow_box_shadow_type": "",
                                                "cards_hover_effect": "none",
                                                "cards_image_spacing": {
                                                    "unit": "px",
                                                    "size": 15,
                                                    "sizes": []
                                                },
                                                "cards_badge_bg_color": "#FD5D14",
                                                "cards_badge_color": "#FFFFFF",
                                                "cards_badge_radius": {
                                                    "unit": "px",
                                                    "size": 0,
                                                    "sizes": []
                                                },
                                                "cards_badge_typography_typography": "custom",
                                                "cards_badge_typography_font_family": "Montserrat",
                                                "cards_badge_typography_font_weight": "600",
                                                "cards_badge_typography_text_transform": "uppercase",
                                                "cards_title_color": "#313131",
                                                "cards_title_typography_typography": "custom",
                                                "cards_title_typography_font_family": "Montserrat",
                                                "cards_title_typography_font_size": {
                                                    "unit": "px",
                                                    "size": 18,
                                                    "sizes": []
                                                },
                                                "cards_title_typography_font_weight": "700",
                                                "cards_title_typography_text_transform": "uppercase",
                                                "cards_title_typography_line_height": {
                                                    "unit": "em",
                                                    "size": 1.3,
                                                    "sizes": []
                                                },
                                                "cards_title_spacing": {
                                                    "unit": "px",
                                                    "size": 10,
                                                    "sizes": []
                                                },
                                                "cards_meta_color": "#878787",
                                                "cards_meta_typography_typography": "custom",
                                                "cards_meta_typography_font_family": "Poppins",
                                                "cards_meta_typography_font_size": {
                                                    "unit": "px",
                                                    "size": 13,
                                                    "sizes": []
                                                },
                                                "cards_excerpt_color": "#383838",
                                                "cards_excerpt_typography_typography": "custom",
                                                "cards_excerpt_typography_font_family": "Poppins",
                                                "cards_excerpt_typography_font_size": {
                                                    "unit": "px",
                                                    "size": 15,
                                                    "sizes": []
                                                },
                                                "cards_excerpt_typography_font_weight": "normal",
                                                "cards_excerpt_spacing": {
                                                    "unit": "px",
                                                    "size": 20,
                                                    "sizes": []
                                                },
                                                "pagination_page_limit": "5",
                                                "pagination_prev_label": "&laquo; Previous",
                                                "pagination_next_label": "Next &raquo;",
                                                "pagination_typography_typography": "custom",
                                                "pagination_typography_font_family": "Montserrat",
                                                "pagination_typography_font_size": {
                                                    "unit": "px",
                                                    "size": 16,
                                                    "sizes": []
                                                },
                                                "pagination_typography_font_weight": "700",
                                                "pagination_typography_text_transform": "uppercase",
                                                "pagination_hover_color": "#C33F02",
                                                "pagination_active_color": "#C33F02",
                                                "pagination_spacing": {
                                                    "unit": "px",
                                                    "size": 15,
                                                    "sizes": []
                                                },
                                                "pagination_spacing_top": {
                                                    "unit": "px",
                                                    "size": 44,
                                                    "sizes": []
                                                },
                                                "_margin_tablet": {
                                                    "unit": "px",
                                                    "top": "0",
                                                    "right": "0",
                                                    "bottom": "0",
                                                    "left": "0",
                                                    "isLinked": false
                                                },
                                                "_margin_mobile": {
                                                    "unit": "px",
                                                    "top": "0",
                                                    "right": "0",
                                                    "bottom": "0",
                                                    "left": "0",
                                                    "isLinked": false
                                                },
                                                "_z_index": 2,
                                                "classic_image_width_mobile": {
                                                    "unit": "%",
                                                    "size": 25,
                                                    "sizes": []
                                                },
                                                "__globals__": {
                                                    "classic_meta_typography_typography": "globals\/typography?id=f4610bb",
                                                    "classic_meta_color": "globals\/colors?id=d345fd2",
                                                    "classic_meta_separator_color": "",
                                                    "classic_title_typography_typography": "globals\/typography?id=ba6914a",
                                                    "classic_title_color": "globals\/colors?id=e5e9561",
                                                    "classic_box_bg_color": "globals\/colors?id=21bfb04"
                                                },
                                                "classic_title_tag": "h6",
                                                "classic_image_spacing": {
                                                    "unit": "px",
                                                    "size": 15,
                                                    "sizes": []
                                                },
                                                "classic_title_color": "#151515"
                                            },
                                            "elements": [],
                                            "isInner": false,
                                            "widgetType": "posts",
                                            "elType": "widget"
                                        }
                                    ],
                                    "isInner": true,
                                    "elType": "column"
                                }
                            ],
                            "isInner": true,
                            "elType": "section"
                        },
                        {
                            "id": "73d95495",
                            "settings": {
                                "gap": "no"
                            },
                            "elements": [
                                {
                                    "id": "2b9d5337",
                                    "settings": {
                                        "_column_size": 100,
                                        "_inline_size": null,
                                        "margin": {
                                            "unit": "px",
                                            "top": "0",
                                            "right": "0",
                                            "bottom": "50",
                                            "left": "0",
                                            "isLinked": false
                                        },
                                        "padding": {
                                            "unit": "px",
                                            "top": "0",
                                            "right": "0",
                                            "bottom": "0",
                                            "left": "0",
                                            "isLinked": false
                                        },
                                        "align": "center"
                                    },
                                    "elements": [
                                        {
                                            "id": "439d166d",
                                            "settings": {
                                                "title": "our gallery",
                                                "header_size": "h6",
                                                "align": "center",
                                                "typography_font_family": "Montserrat",
                                                "typography_font_size": {
                                                    "unit": "px",
                                                    "size": 15,
                                                    "sizes": []
                                                },
                                                "typography_font_weight": "600",
                                                "typography_text_transform": "uppercase",
                                                "typography_font_size_mobile": {
                                                    "unit": "px",
                                                    "size": 14,
                                                    "sizes": []
                                                },
                                                "_margin": {
                                                    "unit": "px",
                                                    "top": "0",
                                                    "right": "0",
                                                    "bottom": "35",
                                                    "left": "0",
                                                    "isLinked": false
                                                },
                                                "_padding": {
                                                    "unit": "px",
                                                    "top": "5",
                                                    "right": "15",
                                                    "bottom": "5",
                                                    "left": "15",
                                                    "isLinked": false
                                                },
                                                "_border_border": "solid",
                                                "_border_width": {
                                                    "unit": "px",
                                                    "top": "1",
                                                    "right": "1",
                                                    "bottom": "1",
                                                    "left": "1",
                                                    "isLinked": true
                                                },
                                                "align_tablet": "center",
                                                "__globals__": {
                                                    "title_color": "globals\/colors?id=text",
                                                    "_border_color": "globals\/colors?id=57a29b1"
                                                },
                                                "_element_width": "auto"
                                            },
                                            "elements": [],
                                            "isInner": false,
                                            "widgetType": "heading",
                                            "elType": "widget"
                                        },
                                        {
                                            "id": "2c892a03",
                                            "settings": {
                                                "gallery": [
                                                    {
                                                        "id": 364,
                                                        "url": "https:\/\/demo.bosathemes.com\/fashionable\/wp-content\/uploads\/sites\/19\/2021\/12\/fashion-img9.jpg"
                                                    },
                                                    {
                                                        "id": 517,
                                                        "url": "https:\/\/demo.bosathemes.com\/fashionable\/wp-content\/uploads\/sites\/19\/2021\/12\/fashion-img12.jpg"
                                                    },
                                                    {
                                                        "id": 743,
                                                        "url": "https:\/\/demo.bosathemes.com\/fashionable\/wp-content\/uploads\/sites\/19\/2021\/12\/fashion-img14.jpg"
                                                    },
                                                    {
                                                        "id": 744,
                                                        "url": "https:\/\/demo.bosathemes.com\/fashionable\/wp-content\/uploads\/sites\/19\/2021\/12\/fashion-img15.jpg"
                                                    },
                                                    {
                                                        "id": 819,
                                                        "url": "https:\/\/demo.bosathemes.com\/fashionable\/wp-content\/uploads\/sites\/19\/2021\/12\/fashion-img16.jpg"
                                                    },
                                                    {
                                                        "id": 1001,
                                                        "url": "https:\/\/demo.bosathemes.com\/fashionable\/wp-content\/uploads\/sites\/19\/2021\/12\/fashion-img23.jpg"
                                                    }
                                                ],
                                                "galleries": [
                                                    {
                                                        "gallery_title": "New Gallery",
                                                        "_id": "1e27595"
                                                    }
                                                ],
                                                "columns": 3,
                                                "columns_tablet": 6,
                                                "columns_mobile": 3,
                                                "aspect_ratio": "1:1",
                                                "show_all_galleries_label": "All"
                                            },
                                            "elements": [],
                                            "isInner": false,
                                            "widgetType": "gallery",
                                            "elType": "widget"
                                        }
                                    ],
                                    "isInner": true,
                                    "elType": "column"
                                }
                            ],
                            "isInner": true,
                            "elType": "section"
                        },
                        {
                            "id": "6a0aee7a",
                            "settings": {
                                "gap": "no"
                            },
                            "elements": [
                                {
                                    "id": "5b667ef9",
                                    "settings": {
                                        "_column_size": 100,
                                        "_inline_size": null,
                                        "margin": {
                                            "unit": "px",
                                            "top": "0",
                                            "right": "0",
                                            "bottom": "0",
                                            "left": "0",
                                            "isLinked": false
                                        },
                                        "align": "center"
                                    },
                                    "elements": [
                                        {
                                            "id": "eaba239",
                                            "settings": {
                                                "title": "Follow us on",
                                                "header_size": "h6",
                                                "align": "center",
                                                "typography_font_family": "Montserrat",
                                                "typography_font_size": {
                                                    "unit": "px",
                                                    "size": 15,
                                                    "sizes": []
                                                },
                                                "typography_font_weight": "600",
                                                "typography_text_transform": "uppercase",
                                                "typography_font_size_mobile": {
                                                    "unit": "px",
                                                    "size": 14,
                                                    "sizes": []
                                                },
                                                "_margin": {
                                                    "unit": "px",
                                                    "top": "0",
                                                    "right": "0",
                                                    "bottom": "35",
                                                    "left": "0",
                                                    "isLinked": false
                                                },
                                                "_padding": {
                                                    "unit": "px",
                                                    "top": "5",
                                                    "right": "15",
                                                    "bottom": "5",
                                                    "left": "15",
                                                    "isLinked": false
                                                },
                                                "_border_border": "solid",
                                                "_border_width": {
                                                    "unit": "px",
                                                    "top": "1",
                                                    "right": "1",
                                                    "bottom": "1",
                                                    "left": "1",
                                                    "isLinked": true
                                                },
                                                "align_tablet": "center",
                                                "__globals__": {
                                                    "title_color": "globals\/colors?id=text",
                                                    "_border_color": "globals\/colors?id=57a29b1"
                                                },
                                                "_element_width": "auto"
                                            },
                                            "elements": [],
                                            "isInner": false,
                                            "widgetType": "heading",
                                            "elType": "widget"
                                        },
                                        {
                                            "id": "2e4d443",
                                            "settings": {
                                                "ekit_socialmedia_style": "both",
                                                "ekit_socialmedia_add_icons": [
                                                    {
                                                        "ekit_socialmedia_icons": {
                                                            "value": "fab fa-facebook",
                                                            "library": "fa-brands"
                                                        },
                                                        "ekit_socialmedia_label": "Facebook",
                                                        "_id": "017d063",
                                                        "__globals__": {
                                                            "ekit_socialmedia_icon_bg_color": "globals\/colors?id=f06adda",
                                                            "ekit_socialmedia_icon_color": "globals\/colors?id=21bfb04",
                                                            "ekit_socialmedia_icon_hover_color": "",
                                                            "ekit_socialmedia_icon_hover_bg_color": "globals\/colors?id=fc28385"
                                                        }
                                                    },
                                                    {
                                                        "ekit_socialmedia_icons": {
                                                            "value": "fab fa-google",
                                                            "library": "fa-brands"
                                                        },
                                                        "ekit_socialmedia_label": "Google",
                                                        "ekit_socialmedia_link": {
                                                            "url": "https:\/\/googleplus.com",
                                                            "is_external": "",
                                                            "nofollow": "",
                                                            "custom_attributes": ""
                                                        },
                                                        "_id": "dc3ecae",
                                                        "__globals__": {
                                                            "ekit_socialmedia_icon_bg_color": "globals\/colors?id=f06adda",
                                                            "ekit_socialmedia_icon_color": "globals\/colors?id=21bfb04",
                                                            "ekit_socialmedia_icon_hover_color": "",
                                                            "ekit_socialmedia_icon_hover_bg_color": "globals\/colors?id=fc28385"
                                                        }
                                                    },
                                                    {
                                                        "ekit_socialmedia_icons": {
                                                            "value": "fab fa-pinterest",
                                                            "library": "fa-brands"
                                                        },
                                                        "ekit_socialmedia_label": "Pinterest",
                                                        "ekit_socialmedia_link": {
                                                            "url": "https:\/\/pinterest.com",
                                                            "is_external": "",
                                                            "nofollow": "",
                                                            "custom_attributes": ""
                                                        },
                                                        "_id": "1f56873",
                                                        "__globals__": {
                                                            "ekit_socialmedia_icon_bg_color": "globals\/colors?id=f06adda",
                                                            "ekit_socialmedia_icon_color": "globals\/colors?id=21bfb04",
                                                            "ekit_socialmedia_icon_hover_color": "",
                                                            "ekit_socialmedia_icon_hover_bg_color": "globals\/colors?id=fc28385"
                                                        }
                                                    },
                                                    {
                                                        "ekit_socialmedia_icons": {
                                                            "value": "icon icon-twitter",
                                                            "library": "ekiticons"
                                                        },
                                                        "ekit_socialmedia_label": "Twitter",
                                                        "_id": "4cb23a1",
                                                        "__globals__": {
                                                            "ekit_socialmedia_icon_bg_color": "globals\/colors?id=f06adda",
                                                            "ekit_socialmedia_icon_color": "globals\/colors?id=21bfb04",
                                                            "ekit_socialmedia_icon_hover_color": "",
                                                            "ekit_socialmedia_icon_hover_bg_color": "globals\/colors?id=fc28385"
                                                        }
                                                    },
                                                    {
                                                        "_id": "b614099",
                                                        "ekit_socialmedia_icons": {
                                                            "value": "fab fa-whatsapp",
                                                            "library": "fa-brands"
                                                        },
                                                        "ekit_socialmedia_label": "Whatsapp",
                                                        "ekit_socialmedia_link": {
                                                            "url": "https:\/\/whatsapp.com",
                                                            "is_external": "",
                                                            "nofollow": "",
                                                            "custom_attributes": ""
                                                        },
                                                        "__globals__": {
                                                            "ekit_socialmedia_icon_bg_color": "globals\/colors?id=f06adda",
                                                            "ekit_socialmedia_icon_color": "globals\/colors?id=21bfb04",
                                                            "ekit_socialmedia_icon_hover_color": "",
                                                            "ekit_socialmedia_icon_hover_bg_color": "globals\/colors?id=fc28385"
                                                        }
                                                    },
                                                    {
                                                        "ekit_socialmedia_icons": {
                                                            "value": "fab fa-linkedin",
                                                            "library": "fa-brands"
                                                        },
                                                        "ekit_socialmedia_label": "LinkedIn",
                                                        "_id": "34d892f",
                                                        "__globals__": {
                                                            "ekit_socialmedia_icon_bg_color": "globals\/colors?id=f06adda",
                                                            "ekit_socialmedia_icon_color": "globals\/colors?id=21bfb04",
                                                            "ekit_socialmedia_icon_hover_color": "",
                                                            "ekit_socialmedia_icon_hover_bg_color": "globals\/colors?id=fc28385"
                                                        }
                                                    }
                                                ],
                                                "ekit_socialmedai_list_border_radius": {
                                                    "unit": "%",
                                                    "top": "",
                                                    "right": "",
                                                    "bottom": "",
                                                    "left": "",
                                                    "isLinked": true
                                                },
                                                "ekit_socialmedai_list_padding": {
                                                    "unit": "px",
                                                    "top": "8",
                                                    "right": "25",
                                                    "bottom": "8",
                                                    "left": "25",
                                                    "isLinked": false
                                                },
                                                "ekit_socialmedai_list_padding_mobile": {
                                                    "unit": "px",
                                                    "top": "8",
                                                    "right": "22",
                                                    "bottom": "8",
                                                    "left": "22",
                                                    "isLinked": false
                                                },
                                                "ekit_socialmedai_list_margin": {
                                                    "unit": "px",
                                                    "top": "6",
                                                    "right": "6",
                                                    "bottom": "6",
                                                    "left": "6",
                                                    "isLinked": true
                                                },
                                                "ekit_socialmedai_list_icon_size": {
                                                    "unit": "px",
                                                    "size": 20,
                                                    "sizes": []
                                                },
                                                "__globals__": {
                                                    "ekit_socialmedai_list_typography_typography": "globals\/typography?id=ba6914a"
                                                }
                                            },
                                            "elements": [],
                                            "isInner": false,
                                            "widgetType": "elementskit-social-media",
                                            "elType": "widget"
                                        }
                                    ],
                                    "isInner": true,
                                    "elType": "column"
                                }
                            ],
                            "isInner": true,
                            "elType": "section"
                        }
                    ],
                    "isInner": false,
                    "elType": "column"
                }
            ],
            "isInner": false,
            "elType": "section"
        }
    ]
}